-- phpMyAdmin SQL Dump
-- version 4.1.14
-- http://www.phpmyadmin.net
--
-- Anamakine: 127.0.0.1
-- Üretim Zamanı: 05 Haz 2015, 10:33:06
-- Sunucu sürümü: 5.6.17
-- PHP Sürümü: 5.5.12

SET SQL_MODE = "NO_AUTO_VALUE_ON_ZERO";
SET time_zone = "+00:00";


/*!40101 SET @OLD_CHARACTER_SET_CLIENT=@@CHARACTER_SET_CLIENT */;
/*!40101 SET @OLD_CHARACTER_SET_RESULTS=@@CHARACTER_SET_RESULTS */;
/*!40101 SET @OLD_COLLATION_CONNECTION=@@COLLATION_CONNECTION */;
/*!40101 SET NAMES utf8 */;

--
-- Veritabanı: `web_mining`
--

-- --------------------------------------------------------

--
-- Tablo için tablo yapısı `authors`
--

CREATE TABLE IF NOT EXISTS `authors` (
  `aid` int(11) NOT NULL AUTO_INCREMENT,
  `name` varchar(37) NOT NULL,
  `life` text NOT NULL,
  `image` varchar(512) NOT NULL,
  PRIMARY KEY (`aid`)
) ENGINE=InnoDB  DEFAULT CHARSET=utf8 AUTO_INCREMENT=226 ;

--
-- Tablo döküm verisi `authors`
--

INSERT INTO `authors` (`aid`, `name`, `life`, `image`) VALUES
(1, ' Ömer Erdem', '', ''),
(2, ' Mahir İz', '', ''),
(3, ' Mahir Aydın', '', ''),
(4, ' Ali Osman Eğilmez', '', ''),
(5, ' Taceddin Kayaoğlu', '', ''),
(6, 'Dr. Rıza Nur', '', ''),
(7, 'Sabuncuzade Luis Alberi', '', ''),
(8, ' Cenab Şahabeddin', '', ''),
(9, ' Adem Kandemir', '', ''),
(10, ' İbn Ataullah el-İskenderi ', '', ''),
(11, ' Yusuf Efendi', '', ''),
(12, 'Macuncuzade Mustafa Efendi ', '', ''),
(13, ' Hüseyin Yorulmaz', '', ''),
(14, ' Misfir B. Gurmullah ed Dümeyni', '', ''),
(15, 'Prof. Dr. Necla Pekolcay', '', ''),
(16, ' Habibzade Ahmed Kemal', '', ''),
(17, 'Prof. Dr. Vecdi Akyüz', '', ''),
(18, ' Faik Reşad', '', ''),
(19, ' İsmail Hakkı İzmirli', '', ''),
(20, ' Basiretçi Ali Efendi ', '', ''),
(21, ' Muammer Göçmen', '', ''),
(22, ' Selim Nüzhet Gerçek', '', ''),
(23, 'Prof. Dr. Hasan Akay', '', ''),
(24, 'Prof. Dr. M. Fatih Andı', '', ''),
(25, ' Mustafa Özel', '', ''),
(26, 'Dr. İsa Kayaalp', '', ''),
(27, ' Dücane Cündioğlu', '', ''),
(28, 'Prof. Dr. Mehmet Saray', '', ''),
(29, ' İsmail Kara', '', ''),
(30, ' Mehmed Rauf ', '', ''),
(31, ' Lev N. Tolstoy', '', ''),
(32, ' Ekrem Kaftan', '', ''),
(33, 'Prof. Dr. Zeki Arslantürk', '', ''),
(34, ' Hulusi Yazıcıoğlu', '', ''),
(35, ' Filip Çorlukiç', '', ''),
(36, ' Necip Fazıl Kısakürek', '', ''),
(37, ' A. Nedim el-Cisr', '', ''),
(38, ' Stephen R. Covey', '', ''),
(39, ' Friedrich Nietzsche', '', ''),
(40, ' Behçet Necatigil', '', ''),
(41, ' Harriet Lerner', '', ''),
(42, ' Enver Ercan', '', ''),
(43, ' Nikolay Vasilievich Gogol', '', ''),
(44, ' Panait Istrati', '', ''),
(45, ' Deborah Tannen', '', ''),
(46, ' Michael Vincent Miller', '', ''),
(47, ' Daniel Goleman', '', ''),
(48, ' Jared Diamond', '', ''),
(49, ' E.F. Schumacher', '', ''),
(50, ' Konstantinos Kavafis', '', ''),
(51, 'Prof. Dr. Lawrence E. Shapiro', '', ''),
(52, ' Antonio Damasio', '', ''),
(53, ' Susan Jeffers', '', ''),
(54, 'Prof. Dr. M. Nazif Şahinoğlu', '', ''),
(55, ' Şerafettin Dönmez', '', ''),
(56, 'Prof. Dr. Necip Taylan', '', ''),
(57, 'Prof. Dr. Rıdvan Seyyid', '', ''),
(58, ' Merryl Wyn Davies', '', ''),
(59, ' Ali Kemal', '', ''),
(60, 'Prof. Dr. Abdullah Uçman', '', ''),
(61, ' Mustafa Karaalioğlu', '', ''),
(62, ' Cüneyd Okay', '', ''),
(63, ' Said Şamil', '', ''),
(64, 'Prof. Dr. Muhammed Hamidullah', '', ''),
(65, ' Hüdavendigar Onur', '', ''),
(66, ' D. Mehmet Doğan', '', ''),
(67, ' Üsame İbn Munkız', '', ''),
(68, 'Op. Dr. İlhami Güneral', '', ''),
(69, ' Fyodor Mihayloviç Dostoyevski', '', ''),
(70, ' Knut Hamsun', '', ''),
(71, ' Betty Mahmudi', '', ''),
(72, ' Emine Sevgi Özdamar', '', ''),
(73, ' Patrick Modiano', '', ''),
(74, ' Kamil Doruk', '', ''),
(75, ' Ebu''l Ala Mevdudi', '', ''),
(76, ' Atasoy Müftüoğlu', '', ''),
(77, ' Cihan Aktaş', '', ''),
(78, 'Dr. Ali Şeriati', '', ''),
(79, ' Ömer Nesefi', '', ''),
(80, ' Erich von Daniken', '', ''),
(81, ' Nevzat Yüksel', '', ''),
(82, 'Prof. Dr. Ayhan Songar', '', ''),
(83, ' Jorge Luis Borges', '', ''),
(84, ' James Woodall', '', ''),
(85, ' Dan Franck', '', ''),
(86, ' Stanislaw Lem', '', ''),
(87, ' E.M. Forster', '', ''),
(88, ' Jean-Marie Laclavetine', '', ''),
(89, ' Barbara Pym', '', ''),
(90, ' Jean-Marie Gustave Le Clezio', '', ''),
(91, ' Gerhard Roth', '', ''),
(92, ' Tahar Ben Jelloun', '', ''),
(93, ' Halil Kaleli', '', ''),
(94, ' Luis Landero', '', ''),
(95, 'General Cemal Karabekir', '', ''),
(96, ' V. S. Naipaul', '', ''),
(97, ' Marguerite Yourcenar', '', ''),
(98, ' Elizabeth Wurtzel', '', ''),
(99, ' Juan Goytisolo', '', ''),
(100, ' Arturo Perez Reverte', '', ''),
(101, ' François Maspero', '', ''),
(102, ' Andre Malraux', '', ''),
(103, ' Seamus Deane', '', ''),
(104, ' Jane Smiley', '', ''),
(105, ' Marcel Beyer', '', ''),
(106, ' Molla Kasım ', '', ''),
(107, ' Müştehir Karakaya', '', ''),
(108, ' Bernhard Schlink', '', ''),
(109, ' Orhan Pamuk', '', ''),
(110, ' Kemalettin Tuğcu', '', ''),
(111, 'Prof. Dr. Münir Muhammed Gadban', '', ''),
(112, ' Nüket Esen', '', ''),
(113, ' Sezgin Kaymaz', '', ''),
(114, ' Mehmet Memduh', '', ''),
(115, ' Gürsel Korat', '', ''),
(116, ' Hasan Latif Sarıyüce', '', ''),
(117, ' Muhsin Kızılkaya', '', ''),
(118, ' İmam Gazali', '', ''),
(119, ' Atilla Atalay', '', ''),
(120, ' İbn Tufeyl', '', ''),
(121, ' Kemal Tahir ', '', ''),
(122, ' Ali Gevgilili', '', ''),
(123, ' Nuray Tekin', '', ''),
(124, ' İhsan Oktay Anar', '', ''),
(125, ' Carlo M. Cipolla', '', ''),
(126, ' Sigmund Freud', '', ''),
(127, ' Ümit Kıvanç', '', ''),
(128, ' Fulya Atacan', '', ''),
(129, 'Doç. Dr. Abdullah Aydemir', '', ''),
(130, ' İhsan Süreyya Sırma', '', ''),
(131, ' Abdurrahman Dilipak', '', ''),
(132, ' Zübeyir Yetik', '', ''),
(133, 'Prof. Dr. Avni İlhan', '', ''),
(134, ' Serap Yavuz', '', ''),
(135, ' Cahit Zarifoğlu', '', ''),
(136, ' Mehmet Uyar', '', ''),
(137, ' Necmettin Şahinler', '', ''),
(138, ' Mustafa Özçelik', '', ''),
(139, ' Yılmaz Kalkan', '', ''),
(140, ' Seymour M. Hersh', '', ''),
(141, 'Dr. Mustafa Es-Siba''i', '', ''),
(142, ' Mehmet Cemal', '', ''),
(143, 'Prof. Dr. Ahmet Ağırakça', '', ''),
(144, ' Mustafa Yağmurlu', '', ''),
(145, ' Salih Gürdal', '', ''),
(146, ' Kollektif ', '', ''),
(147, ' İmam Malik ', '', ''),
(148, 'Prof.Dr. Ali Osman Ateş', '', ''),
(149, ' İhsan Işık', '', ''),
(150, 'Yrd. Doç. Dr. Osman Cilacı', '', ''),
(151, 'Prof.Dr. Ali Çelik', '', ''),
(152, 'Doç. Dr. Aynur Uraler', '', ''),
(153, ' Neşet Toku', '', ''),
(154, 'Doç. Dr. Halife Keskin', '', ''),
(155, ' Hasan Tahsin', '', ''),
(156, ' Mehmet Özgü Aras', '', ''),
(157, 'Prof. Dr. Adnan Demircan', '', ''),
(158, ' Metin Önal Mengüşoğlu', '', ''),
(159, ' Mehmet Kahraman', '', ''),
(160, ' Hüseyin Altuntaş', '', ''),
(161, ' Asım Yapıcı', '', ''),
(162, 'Dr. Hakkı Aydın', '', ''),
(163, ' Ahmet M. A. Celi', '', ''),
(164, ' Hasan Özgüven', '', ''),
(165, ' Mehmet Ragıp K.', '', ''),
(166, ' A. Vahap Akbaş', '', ''),
(167, ' Ahmet Mercan', '', ''),
(168, ' Mehmet Atilla Maraş', '', ''),
(169, ' Yaşar Bedri', '', ''),
(170, ' Alaaddin Soykan', '', ''),
(171, ' Mesut Doğan', '', ''),
(172, 'Prof. Dr. Cağfer Karadaş', '', ''),
(173, ' Mevlüt Koyuncu', '', ''),
(174, ' Kadriye Yılmaz K.', '', ''),
(175, ' Abdullah Şarkavi', '', ''),
(176, ' İsmail Hakkı Göksoy', '', ''),
(177, ' Muharrem Ergül', '', ''),
(178, ' Hüseyin Akın', '', ''),
(179, ' Ahmet Veske', '', ''),
(180, ' Ali Nar', '', ''),
(181, ' Mehmet Ali Kapar', '', ''),
(182, 'Prof. Dr. Ahmet Yaman', '', ''),
(183, ' Ömer Aydın', '', ''),
(184, ' Avni Doğan', '', ''),
(185, ' Mesut Karaşahan', '', ''),
(186, ' Hüseyin Kerim Ece', '', ''),
(187, ' Ahmet Baydar', '', ''),
(188, ' Nasi Aslan', '', ''),
(189, ' Mehmet Metiner', '', ''),
(190, ' İsmail Aykanat', '', ''),
(191, ' Ali K. Metin', '', ''),
(192, ' Gaston Bachelard', '', ''),
(193, ' Salah Birsel', '', ''),
(194, ' Claire Parnet', '', ''),
(195, ' Bereketzade İsmail Hakkı ', '', ''),
(196, ' Ahmet İzzet Paşa', '', ''),
(197, ' Muhammed Atıf Hoca ', '', ''),
(198, ' Ebubekir Eroğlu', '', ''),
(199, 'Dr. Necdet Subaşı', '', ''),
(200, ' Celal Al-i Ahmed', '', ''),
(201, ' Ali İhsan Sabis', '', ''),
(202, 'Prof. Dr. Ahmed Yüksel Özemre', '', ''),
(203, ' Miles Copeland', '', ''),
(204, ' İlhan Kaya', '', ''),
(205, 'Ord. Prof. Dr. Tevfik Sağlam', '', ''),
(206, ' Şehbenderzade Filibeli Ahmed Hilmi ', '', ''),
(207, 'Mizancı Mehmed Murad', '', ''),
(208, ' Jean Pignon', '', ''),
(209, ' Müfid Şemsi', '', ''),
(210, ' Mustafa Everdi', '', ''),
(211, ' Hüseyin Besli', '', ''),
(212, ' Ben Dan', '', ''),
(213, ' Jacqueline Atkinson', '', ''),
(214, ' William H. Riker', '', ''),
(215, 'Prof. Dr. Seyyid Kutub', '', ''),
(216, ' Kermit Roosevelt', '', ''),
(217, ' Daniel Defoe', '', ''),
(218, ' Robert Louis Stevenson', '', ''),
(219, ' George Orwell', '', ''),
(220, ' Jonathan Swift', '', ''),
(221, ' Lewis Carroll', '', ''),
(222, ' Carlo Collodi', '', ''),
(223, ' Johanna Spyri', '', ''),
(224, ' Edmondo De Amicis', '', ''),
(225, 'Prof. Dr. Necati Fahri Taş', '', '');

-- --------------------------------------------------------

--
-- Tablo için tablo yapısı `books`
--

CREATE TABLE IF NOT EXISTS `books` (
  `bid` int(11) NOT NULL AUTO_INCREMENT,
  `title` varchar(128) DEFAULT NULL,
  `summary` longtext,
  `yayinevi` varchar(64) DEFAULT NULL,
  `shop` varchar(64) DEFAULT NULL,
  `aid` int(16) DEFAULT NULL,
  `year` date DEFAULT NULL,
  `img` varchar(185) DEFAULT NULL,
  `language` varchar(16) DEFAULT NULL,
  `price` varchar(16) DEFAULT NULL,
  `gid` int(16) DEFAULT NULL,
  PRIMARY KEY (`bid`)
) ENGINE=InnoDB  DEFAULT CHARSET=utf8 AUTO_INCREMENT=919 ;

--
-- Tablo döküm verisi `books`
--

INSERT INTO `books` (`bid`, `title`, `summary`, `yayinevi`, `shop`, `aid`, `year`, `img`, `language`, `price`, `gid`) VALUES
(1, 'Yitirişler', 'Siz kimsesiz bir yenilgisiniz benim gibi', 'KİTABEVİ', NULL, 1, '1998-12-31', 'full/082d7891f11d2a872bca4d31c03eb4de97fcc155.jpg', 'TÜRKÇE', ' 5,00', 1),
(2, 'Din ve Cemiyet', 'Bir müslüman nelere inanır, neler yapar? İslamiyet insanlara nasıl tesir eder? Müslüman ferd ve müslüman cemiyet nasıl olmalıdır? İslam, bütün zamanların ferdleri ve cemiyetleri için, onları dünyada mutlu edecek esasları kendinde toplamıştır.', 'KİTABEVİ', NULL, 2, '1998-12-31', 'full/7fb08c02d194e3562bb2ce06a8858f16bc49f96f.jpg', 'TÜRKÇE', ' 15,00', 2),
(3, 'Osmanlı Eyaletinden Üçüncü Bulgar Çarlığına', 'Özellikle son ikiyüz yıl içersinde, Osmanlı idaresi altında yaşayan Hıristiyan unsurlar birçok güç tarafından kullanılmıştır. "Himaye siyaseti"de denilen bu uygulama ile Rusya Ortodokslar, Fransa katolikler, İngiltere de Protestanlar üzerinde politikalar ürettiler. Bu durum, Osmanlı devletinin iç politikada da serbest kararlar alabilmesini engellemiştir. Osmanlı Devletinin politikası, Avrupa devletlerine ait çıkarların gözetildiği ve hassas dengelerin hesaba katıldığı ince bir çizgi üzerinde yürütüldü. İçerde alınan birçok karar, dış müdahaleler yüzünden başarıyla uygulanamadı. Çünkü Osmanlı topraklarının coğrafi konumu, bir Japonya gibi gözlerden uzak değildi. Bu durumdan, gayrimüslimlerle birlikte Müslüman ahali de zarar gördü. Devletin her bölgesi ayrı bir probleme sahne oldu.', 'KİTABEVİ', NULL, 3, '1996-12-31', 'full/b61798aea7542ed42dc6883c739e2090bf2733df.jpg', 'TÜRKÇE', ' 15,00', 3),
(4, '''Brifing''deki İrtica Türkiye''de Militarizm Yönetim İlişkileri ve İslam', '"Türkiye''de "din" korku unsuru olmaktan çıkarılmalıdır. Din kontrol edilerek irticaın önlenemeyeceği artık anlaşılmalıdır. İslam üzerindeki yönlendirme ve denetim yerine serbesti yolu seçilmelidir. İslam geçmişte olduğu gibi çoğulcu, kavrayıcı yaklaşımlarıyla toplumumuzun sağaltılmasıyla ve gelişmesi yönünden rol oynamaya devam etmelidir. İşte o zaman "irtica" ortadan savuşur."', 'KİTABEVİ', NULL, 4, '1998-12-31', 'full/4851aa50b7f937fc1168dbb4b3a111039b2ea211.jpg', 'TÜRKÇE', ' 6,00', 4),
(5, 'Türkiye''de Tercüme Müesseseleri', 'Bu çalışma Lale devrinden, Hasan Ali Yücel dönemine kadar devlet tarafından tesis edilen tercüme heyetleri, müesseseleri, encümenleri üzerinde durmaktadır. Efkar-ı umumiyenin görüş ufkunu Doğudan ve Batıdan eserler tercüme ederek genişletmek maksadıyla devletin ciddi bir şekilde ele aldığı bu faaliyet başarılı olmuş mudur? Tercüme hareketi hangi alanlarda yoğunlaşmıştır? Tesis edilen müesseselerde kimler görev almıştır? Tercüme edilen eserler nelerdir? Devletin bu konudaki politikaları hangi düşünceye göre oluşturulmuştur? Elinizdeki kitap bütün bu soruları tartışmaya açmakta ve cevaplamaya çalışmaktadır. ', 'KİTABEVİ', NULL, 5, '1998-06-01', 'full/485e55678d339aa5f0f51bba0e1405b8c4009245.jpg', 'TÜRKÇE', ' 20,00', 5),
(6, 'Hürriyet Ve İtilaf Fırkası Nasıl Doğdu Nasıl Öldü', 'Fırka müşkilata düştüğü, perişan olmaya başladığı, fırka mensublarını tehlike kavradığı anda Ferid Paşa fırkayı da, arkadaşlarını da terkedip, fırkadan istifa etmişti. Ferid Paşa, iyi gün dostu imiş. Yine anlaşıldı ki bu zat, kuvvete itibar ediyor. Kuvvet gidince o da adamı bırakıyormuş; felakette ortak olmak gibi bir mertliği yokmuş. Demek onun dostluktan maksadı, dostlarını, bir şey elde etmek için alet etmekten ibaretmiş! İşte bu işlerde, Ferid Paşa, ahlakının zayıf kısımlarından bir takımını meydana çıkarmıştı.', 'KİTABEVİ', NULL, 6, '1996-12-31', 'full/844255d8492c9b9338f6107f992c12bbc0160a53.jpg', 'TÜRKÇE', ' 10,00', 6),
(7, 'Sultan II. Abdülhamid''in Hal Tercümesi', 'Sultan II. Abdülhamid döneminde yurtdışına kaçanların yaptıkları yayınların tamamına yakını, Padişah şahsını hedef alan, aleyhte yayınlardır. Bunların büyük bir kısmı muhalefetlerinde ciddi ve kararlı ise de, diğer kısmının amacı, kısa yoldan para kazanmaktır. Çünkü II. Abdülhamid, bu muhalif yayınları siyasi nüfuzunu kullanarak ya da satın alarak kapatmaya çalışmıştır. Bu yayın sahipleri, münasebet düştükçe, Padişah''ın sadık bir "bende"si olarak, Babıali''nin herhangi bir dairesinde, memur olarak görevlendirilmişlerdir. Amansız birer muhalif gibi görünen bu "göstermelik" gazete sahipleri, "Padişahım Çok Yaşa!" diye tezahüratta bulunan gruba dahil olmuşlardır. Elinizdeki bu eser, "Padişahım Çok Yaşa!" grubuna bir örnektir. Başlangıçta "Hilafet" gazetesi ile Sultan''a muhalif yayın yapmasına rağmen, daha sonra bundan vazgeçen ve bu değişiklikten dolayı Yıldız Sarayı''nda görevlendirilen Diyarbekirli Sabuncuzade John Louis Alberi tarafından kaleme alınıp, 1898''den sonra II. Abdülhamid''e takdim edilmiştir. ', 'KİTABEVİ', NULL, 7, '1997-12-31', 'full/4f1bec17dd9d5af67b0895af194ec7285f4ee088.jpg', 'TÜRKÇE', ' 6,00', 7),
(8, 'Hac Yolunda', 'Zemin, yeşil rengin garip bir imtizac, derecatıyla adeta yeşil nakışlı, yeşil zeminli bir İran kraliçesi halini almıştı. Hava taze ekinlerin taze rayihasıyla meşbu. Ufuklar kebud ve hande-nak idi. Burada ekiyorlar, şurada biçiyorlar; ötede harman. Zira bu arz-ı hayret bir izdivaç ile birleşiyorlar. Şita, alam-ı bürudet, burada külliyen meçhul. Geniş bir su üzerinden geçtik. ', 'KİTABEVİ', NULL, 8, '1996-12-31', 'full/68feb507e0bbcebdbdfb57b930b53c7bec4df749.jpg', 'TÜRKÇE', ' 10,00', 8),
(9, 'Bir Dumanlı Geçmiş Ki', 'Gömülmesi tohumun toprağa', 'KİTABEVİ', NULL, 9, '1995-12-31', 'full/3f2ca840f7af6a4da0b283be611e3dff746fac87.jpg', 'TÜRKÇE', ' 5,00', 1),
(10, 'Mesafesi Kadar İnleyen Rüzgar', 'Ve olan oldu. O yoğunluktan önce "Yaprak Dili" sızdı. Dünya. Gün. İlk olarak. Ve "Göç". Herkese ne de çok yakışıyor. O çıkılan yamaçlar ve dağ çağrılarına doğru genişledi. Sonra kendisine döndü. Kanamanın mı demeli, yoksa önlenemez bir gerilimin olanca ağırlığı ile "dil"lenmesi mi demeli. "Aşk" vurdu suya. Sonrası. Hep "dua" olarak, dönüp dolaşıp bir "dua" olarak diz çöktü. Ama ateşini kollayarak, "İbrahim" de dört kuş göndermişti dağa. Eskiler "anasır-ı erbaa"yı önemserdi.', 'KİTABEVİ', NULL, 1, '1997-12-31', 'full/04f83ead425c8c2369047f6e7aaba52f437432f5.jpg', 'TÜRKÇE', ' 5,00', 1),
(11, 'Hikmetler Kitabı', 'İşin başında Allah''a yönelmek,', 'KİTABEVİ', NULL, 10, '2008-01-01', 'full/8b26f6aa26420f0e417ee41a0239a6543df18692.jpg', '4. Baskı', ' 10,00', 9),
(12, 'Mahmut Kaptan''ın Anıları', 'Elimizde bulunan eser, "Makale-I Zindancı Mahmud Kapudan Bera-yı Feth ü Zafer - Keşt-I  Maltiz-I Lain-I Duzah-Mekin" adıyla anılmaktadır.', 'KİTABEVİ', NULL, 11, '1996-12-31', 'full/e8c3272c82ea65d8dd39650293d3f38aa0fed423.jpg', 'TÜRKÇE', ' 10,00', 10),
(13, 'Malta Esirleri', 'Bu eser, Üsküdar Selim Ağa Kütüphanesi''nin Kemankeş Emir Hoca bölümündeki 434 numaralı bir mecmuada yer almaktadır. Mecmuanın, yedinci risalesini teşkil eden bu eser, mecmuanın 132a-159a varakları arasında bulunmaktadır. Adi, talik bir hatla istinsah edilen eserin her sayfası 13 satırdan ibarettir. Sayfaların ebadı 154x10-112x78mm. Boyundadır. Eser, Malta''da cereyan eden olaydan üç yıl sonra, Hicri 1010 yılının Şevval (1602 yılının Nisan''ı) ayında Ömer adlı bir katip tarafından istinsah edilmiştir. Şu ana kadar, eserin başka bir nüshasına rastlanmamıştır. Eser, düzgün bir imla ile yazılmıştır. Bu da, Macuncuzade''nin ve Katip Ömer''in klasik bir medrese eğitiminden geçtiklerini göstermektedir.', 'KİTABEVİ', NULL, 12, '1996-12-31', 'full/451c26756f2a05537c4b927d00b660d5a17140f2.jpg', 'TÜRKÇE', ' 10,00', 10),
(14, 'Nabi Ekolü (Divan Edebiyatında)', 'Edebiyat Tarihçilerinin hikemiyat diye adlandırdıkları tefekkür ve hikmete yönelik şiirin özelliğini, genellikle öğüt ve nasihat ifade eden ayet ve hadisler, sosyal ve siyasi olayların hakimane (bilgece) bir biçimde formüle edilmesi, halkın dilinde söylene söylene klişeleşmiş ve onun hayat anlayışını yansıtan atasözleri ve deyimler, kıssadan alınan hisselere düstur olan kelam-ı kibarlar, insanların hafızasında adeta canlı bir tablo gibi yaşayan ve tecessüm eden adet ve geleneklerin gerçek hayata yansıması, ahlaki ve tasavvufi birtakım kavramların öğüt verici tarzda işlenerek insanlar arasında yüzyıllardır oluşturduğu anlayış birliği gibi konular teşkil eder. Hikemi tarz şairleri bu genel çerçeve doğrultusundaki görüşlerini zaman zaman artan zaman zaman da azalan yoğunlukta işlemiş, divanlarında bize yüzyıllardır okunagelen kalıcı şiirler bırakmışlardır. Şairlerimiz, bütün bu ve buna benzer konular dair gözlemlerini, asırların süzgecinden geçerek bu günlere gelmiş zengin ve parlak şiirlerinde vurgulu ve çarpıcı bir şekilde dile getirirler. Bunu ifade ederken, onların asıl üzerinde durduğu ve sanat anlayışlarının özünü oluşturan konu, hikmet ve hakikatı içinde barındıran mananın bir üst perdeden seslendirilmesidir. ', 'KİTABEVİ', NULL, 13, '1996-12-31', 'full/16928bbba111468d9c3b760bb39e25871563bad0.jpg', 'TÜRKÇE', ' 20,00', 11),
(15, 'Hadis''te Metin Tenkidi Metodları', 'Metin tenkidi isnada bir miktar göz kapamayı gerektirir. Metin tenkit edilir ve hadis isnad ölçülerine göre ister sahih, isterse zayıf olsun hakkında uygun olan hüküm  verilir. Metin tenkidi hususunda doğru olan ölçüleri tespit etmek için, Hz. Peygamber''in vefatından sonra sahabenin O''na isnad edilen hadislerle ilgili tutumlarına başvurmak gerekir. Zira onların hadisi kabul etme veya anlama konusunda bir takım kaide ve belli kuralları vardı. Bizler sahabenin hepsinin adalet sahibi, Resulullah''a isnad ettikleri rivayetleri kabul edilen kimseler olduklarını bildiğimize ve bunun da hata etmeleri ve yanlış anlamaları kabul olunsa bile, Hz. Peygamber''den bir başkasına rivayet ettikleri hadislerde doğru oldukları, rivayetlerinde şaibeli ve yalancı olmadıkları anlamına geldiğini bilmekteyiz. Bu durumda sahabe döneminde hadisin iki yönünden birini oluşturan isnat sahih olduğu için geriye metni kalmaktadır. İşte bu konuda sahabenin bazı yaklaşımları, ravinin doğru ve güvenilir olduğunu kabul etmelerine rağmen hadisi reddetme ve geri çevirme veya uygun bir manaya yöneltme hususunda bir takım görüş ve ölçüleri olduğunu biliyoruz. Nitekim onlar zaman zaman bir hadisin ravisini hata veya unutma yahut da yanlış işitme ile itham ediyor, hadisi ya Kur''an''la veya daha çok güvendikleri ve emin oldukları başka sahabenin rivayetiyle çeliştiği için reddediyorlardı. ', 'KİTABEVİ', NULL, 14, '1997-12-31', 'full/033a5d35de985d67ff22cf17acb68a6f62ae50e1.jpg', 'TÜRKÇE', ' 30,00', 12),
(16, 'İslami Türk Edebiyatı', 'İslami Türk edebiyatı kavramı, ilk yazılı ve sözlü mahsullerinden başlayarak günümüze kadar geniş bir edebiyat çalışmaları alanını içine almaktadır. Gerek dini-tasavvufi edebiyat çevresinde gelişen ve gerekse divan edebiyatı mektebine mensup olmakla beraber dini muhteva taşıyan eserler, İslami Türk edebiyatı kavramı içine dahil olmaktadır. Konunun ağırlığını aruz veya hece vezninde yazılmış şiirler teşkil etmekle beraber, nesir halinde günümüze kadar hayatiyetini sürdürmüş edebi mahsuller de hayli bir yekuna ulaşmaktadır.', 'KİTABEVİ', NULL, 15, '2002-12-01', 'full/6d26597f69666cc7be1d51aed4d827610b1be38b.jpg', 'TÜRKÇE', ' 40,00', 11),
(17, 'Çin-Türkistan Hatıraları', 'İdealler, aydınların artık ya bir gençlik heyecanı olarak belleklerini süslüyor ya da bir aksesuar gibi, iğreti biçimde yer alıyor hayatımızda. Oysa, yakın zamanlara kadar, idealler, entelektüel hayatın başlıca belirleyicisiydi. Aydınlar idealleriyle vardı. İdealleri için yaşar, ideallerinin gereklerinin belirlediği bir çizgi üstünde sürdürürlerdi yaşantılarını. İdealleri için savaşan, bütün varlığını, bütün hayatını idealleri uğruna harcayan aydınlar, masal kahramanları kadar uzaklarda kaldı. Rodoslu Habibzade Ahmed Kemal, bu soyu tükenmiş idealist aydınlardan biri. Türkçü, Turancı düşünceleri benimsemiş bir öğretmen, bir İttihatçı. Özel ayrıntılarını bilemediğimiz hayatını, idealleri uğrunda Doğu Türkistan''a yaptığı inanılmaz yolculuk ve orada sürdürdüğü çalışmalar anlamlandırarak günümüze taşıyor. ', 'KİTABEVİ', NULL, 16, '1996-12-31', 'full/b3fe9f9a7cc33df870aa406e0e5ff8d73c46df1e.jpg', 'TÜRKÇE', ' 15,00', 10),
(18, 'Arapça''da Sayılar', 'Arapça''da öğrenilmesi en zor konulardan birisi de, sayıların kuruluşu ve kullanımı konusudur. Bunun sebebi, gerek sayıların kendileriyle, gerekse sayı-sayılan ilişkileriyle ilgili ayrıntılı kuralların ve hemen her kuralın bir istisnasının bulunmasıdır. Sayıların kuruluşunda ve kullanımında, hem Arap asıllı öğrenciler ve hatta yazarlar, hem de özellikle yabancılar zorlanmakta ve çoğu zaman yanlışlık yapmaktadır. Bu durumu düzeltmenin en önemli yolu, sayıların kurallarını iyi kavramak ve bol bol örnekler kurarak cümle içinde kullanmaktır.', 'KİTABEVİ', NULL, 17, '1998-12-31', 'full/91a022e14ed41ae26f001fd6faf004d004b429ac.jpg', 'TÜRKÇE', ' 25,00', 13),
(19, 'Külliyat-ı Letaif', 'Malumdur ki latifeler hoşa gidecek ve ekseriya gülünecek sözlerle bu yolda nakledilen gerçek-yalan fıkralardır. Ama bunların içinde hikmet düsturu sayılacak pek çok yüksek söz, ibret dersi alınacak kıssa vardır. Öteden beri her kavmin edebiyatçı ve hikmet sahibi kimseleri ciddi bir dille anlatılamayacak hikmet ve öğütleri, hatta bazan hayvan ve bitkilerin lisanından hezel ve mizah vadisinde fıkralar ihtiraıyla halka telkine, bu yolla ahlakı tezhibe ve gafilleri tenbihe himmet etmişlerdir. Binaenaleyh latifeler hem gönülleri şenlendirme vesilesi olması, hem de ibret almayı, hakikatleri öğrenmeyi sağlaması yönüyle eğlencelerin faydalı kısmındandır. ', 'KİTABEVİ', NULL, 18, '1998-12-31', 'full/dca20d914e909ae1d826668466818cf9371bcecb.jpg', 'TÜRKÇE', ' 45,00', 14),
(20, 'İslam''da Felsefe Akımları', 'İzmirli''nin önemi, yalnız eserlerinin değerinden ileri gelmez; kimi bilim dallarında "kurucu" bir görev yapmasından da kaynaklanır. Söz gelimi İzmirli, Türkiye''de felsefe tarihinin gerçek anlamda kurucusudur. Kendisinden önce bu alanda yapılmış bir çalışma yoktur ve bu çalışmaları, sonraki tüm çalışmalara öncülük, kaynaklık etmiştir. Ama ne yazık ki, O''nun bu alandaki çalışmaları da, tıpkı Kelam alanındaki özgün çalışmaları gibi, sürdürülüp geliştirilememiştir.', 'KİTABEVİ', NULL, 19, '1997-12-31', 'full/fd16ee24d1310fefe28d8054049ab040d23e8a61.jpg', 'TÜRKÇE', ' 25,00', 15),
(21, 'İstanbul''da Yarım Asırlık Vekayi-i Mühimme', 'Hatıralar, tarihi hadiseleri olduğu gibi nakleden eserler değildir ancak Türk siyasi tarihini muhakeme ederken hadiselerin mümkün olduğu kadar vuzuha kavuşabilmesi, büyük ölçüde onların şehadetine bağlıdır. Bununla beraber Türk edebiyatı açısından da vazgeçilmez birer kaynak olan hatıralar, edebiyatçıların yetiştiği ortamların siyasi, sosyal ve kültürel zeminini bütün cepheleriyle tesbit edebilmek ve onların meydana getirdiği edebi eserlere ve akımlara tam manasıyla vakıf olabilmek bakımından da büyük bir öneme sahiptir. Bu düşünceden hareketle, 1866''dan başlayarak 1908''e kadar devam eden yaklaşık yarım asırlık bir devreye, zaman zaman hissi de olsa ışık tutan ve XIX. Asrın ikinci yarısında devrin en tesirli yayın organı olan Basiret gazetesinin sahibi Ali Efendi''nin kaleme aldığı bu eseri, üzerinde biraz çalışarak hem orijinal dili ve üslubuyla hem de sadeleştirerek günümüz okuyucusuna kazandırmaya çalıştık. ', 'KİTABEVİ', NULL, 20, '1997-12-31', 'full/0b257ea025fb399ab53e62fdc9b60ee696d6c3ac.jpg', 'TÜRKÇE', ' 20,00', 10),
(22, 'İsviçre''de Jöntürk Basını Ve Türk Siyasal Hayatına Etkileri (1889-1902)', 'Osmanlı İmparatorluğu''nda siyasal baskıdan bunalıp, Avrupa''ya firar edenlerin kendilerini ve ülkelerinin dertlerini ifade edebilecekleri tek yol basın olmuştur. Önceleri samimi olarak fikirlerini yaymak için tuttukları neşir yolundan, sonra bazı kimseler çeşitli vaatlerle ayrılmak zorunda kalmıştır. Neşriyatı bırakmayanlar çok azdır. Ama bu yayın faaliyetinin önemli görevler de ifa ettiği su götürmez bir gerçektir. ', 'KİTABEVİ', NULL, 21, '1995-12-31', 'full/d17d43cb8dd02e2cdd555f35b6e6078d3e46b263.jpg', 'TÜRKÇE', ' 10,00', 3),
(23, 'İstanbul''dan Ben de Geçtim', '"Her insan ömrünü olduğu gibi bilhassa Selim Nüzhet Gerçek''in ömrünü terkip eden unsurlar, birer birer ele alınıp tahlil edilince görülür ki bunlar kalıpları itibariyle maddi meşgaleler, meşakkatler, gayretler, zahmetler şeklinde tezahür etmekle beraber, hüviyetleri itibariyle manevi şeylerdir; kanımızla canımızla beslediğimiz ümitler, hülyalar, istekler, sevgiler, kuruntulardan ibarettir. Zaten bu yüzden sürüklediğimiz maddiyat aleminin zincirleri hep birer maneviyat aleminin halkalarına döner."', 'KİTABEVİ', NULL, 22, '1997-12-31', 'full/24919b38cc4ac9d342903bdd29694afa8e3f872b.jpg', 'TÜRKÇE', ' 25,00', 10),
(24, 'Tanzimat Sonrası Türk Edebiyatında Yeni Fikirler', 'Bu çalışmada, Yeni edebiyatın oluşması ve gelişmesi açısından farklı bir boyuta dikkat çekilmektedir: Tanpınar''ın, modern Türk edebiyatının bir medeniyet krizi ile başladığına dair hayati tespiti, yakın zamanlara kadar pek bilinmeyen, günümüzdeyse akıbeti meçhul bir cereyan ile anlatılmıştır. Yeni prensipler, yeni insan, yeni hayat, yeni medeniyet, yeni düzen ve yeni surette var olacak yeni bir edebiyat ve yine terakki. Bu medeniyet ve terakki, yeni Türk edebiyatının "hüsn ü aşk"ıdır. Bunun en açık ve anlamlı göstergelerinden biri, mevcut kateşizm metinleridir. ', 'KİTABEVİ', NULL, 23, '1998-12-31', 'full/2a8087eed75d9fd3efc07a8081be38f589802404.jpg', 'TÜRKÇE', ' 35,00', 11),
(25, 'Kur''an''da Siyasi Kavramlar 3.hamur', 'Kur''an-ı Kerim''in daha iyi anlaşılabilmesi için pek çok yönden incelemeler yapılmış ve yapılmaktadır. Elinizdeki çalışma, kavramcı yöntemle, Kur''an''ın belli bir kavram öbeği çerçevesinde yapılmış, değişik bir çalışmadır. İslam kamu hukuku ve siyasi literatüründe ya da siyasi söylemlerde yer alan doğrudan siyasi içerikli veya zaman içinde siyasi anlam yüklenen Kur''an kavramları; köken, türev, anlam, bağlam ve bütünlük çerçevesinde ele alınmış, kavramın özelliğine göre sistemleştirilerek incelenmiştir.', 'KİTABEVİ', NULL, 17, '1998-12-31', 'full/bcc0ce800734fc460b3f55b1ea1944bfd05583a7.jpg', 'TÜRKÇE', ' 18,00', 16),
(26, 'Servet-i Fünun''a Kadar Yeni Türk Şiirinde Şekil Değişmeleri', 'Türk Edebiyatı 19. Asırda gelişme seyri ve gösterdiği değişiklikler yönünden hem nazım hem de nesir sahalarında bir dönüm noktasına gelmiştir. Edebiyatımızda köklü değişmelerin vuku bulduğu bu devrede şiirimizin biçim yönünden ne gibi değişiklikler ve dalgalanmalar gösterdiğinin detaylı bir şekilde araştırılması, Türk şiir tarihinin bir cephesini aydınlatacaktır.', 'KİTABEVİ', NULL, 24, '1997-12-31', 'full/144677cde819757d15f26c918cce91088c1346d5.jpg', 'TÜRKÇE', ' 20,00', 11),
(27, 'Medeniyet ve Modernlik', 'Medeniyet, modernlik, kapitalizm, globalizm. Aynı hikayenin farklı kalıplarla ifadesi. Hikaye: Avrupalı beyaz adamın dünyayı, hayır kainatı fethi. Sonuç? Nihilizm, hiçperestlik. Kainatı fetheden modern insan, kendi kalbini fethedemedi. Keşfedemedi bile.', 'KİTABEVİ', NULL, 25, '1997-12-31', 'full/43704b61755069e2d5839ca75be1fcc86543b7c4.jpg', 'TÜRKÇE', ' 8,00', 17),
(28, 'Ticaret Savaşları', 'Soğuk Savaşın sonu ve iki Almanya''nın (iki Avrupa''nın!) birleşmesiyle Amerikan hegemonyası bitti; yeni bir güçler dengesi dönemine girdik. Üç iktisadi blok ortaya çıktı: Kuzey Amerika, Batı Avrupa ve Doğu Asya. ABD ekonomik pençeleri sökülen siyasi askeri dev; diğerleri siyasi askeri pençeleri henüz oluşmamış ekonomik devler. Yirmibirinci yüzyıl bu üç blok arasındaki kıran kırana ticaret savaşlarına sahne olacak. Kapitalist sistemin geçmişindeki bütün ticaret savaşları askeri savaşlarla sonuçlandı ve nihai savaşı kazanan taraf "Hegemonik güç" oldu. Ondokuzuncu yüzyılda İngiltere, Yirminci yüzyılda ABD. Eski hegemonik güç, kazanan tarafta yer aldı, fakat ikinci derecedeki aktör olarak! Bu sefer, Batı-dışı yeni ekonomik ve askeri güçlerin (Japonya, Çin) devreye girmesiyle, çatışma ve ittifaklar daha kaotik bir ihtiva kazanıyor. Mustafa Özel kısa ve özlü yazılarıyla bu ekonomik rekabetin ekonomi dışı yönlerine ışık tutuyor. Jeopolitik ve jeokültürel içerimlerini tartışıyor. ', 'KİTABEVİ', NULL, 25, '1997-12-31', 'full/a2afb06d0e18a569d217c38876ecc8e80dc10333.jpg', 'TÜRKÇE', ' 8,00', 18),
(29, 'Birey Burjuva Ve Zengin', 'Batı birey ve burjuvanın vatanı. Doğu cemaat ve zenginin. Batı burjuvazisi cemaat halinde sindiremediği zümreleri "bireyleştirerek" ehlileştirdi, kapitalizm için zararsız "yurttaşlar" haline getirdi. Türedi Doğu Burjuvazisi ne bireyleşebildi ne cemaat dinamizminden yararlanabildi. Japonlar, sancılı bir bireyleşmeyi cemaat yapısıyla uzlaştırma arayışına girdiler. Böylece hem bireyleşme ve burjuvalaşma gerçekleşti hem cemaatleşme dönüşerek devam etti. Modern Japonya''da her şirket bir cemaattir. Büyük ortaklarla tepe yöneticileri bireyleşip burjuvalaşanlar, diğerleri bireyleştirilip itaatkar yurttaş kılınanlar. Diğer bütün toplumlarda sonuçsuz bir temrin oldu bu süreç. Batı''ya uyanlar da "kaybetti", uymayanlar da. Belki hem uymak, hem uymamak gerekiyor. Ama nasıl? ', 'KİTABEVİ', NULL, 25, '1998-12-31', 'full/ed25f83554ad498973ac19660c5d7dcb766c2558.jpg', 'TÜRKÇE', ' 10,00', 19),
(30, 'Sultan Ahmed Divanı''nın Tahlili', 'Genç yaşta saltanat koltuğuna oturduktan sonra, adını Sultan Ahmed Camii gibi bir şaheserle ölümsüzleştiren Osmanlı Sultanını ölümsüz kılmaya yetecek bir başka eser. Dr. İsa Kayaalp''in bu değerli çalışması, Sultan Ahmed''in dönemi, hayatı ve sanatı hakkında verdiği bilgiler, yaptığı oylumlu tahlillerle söz''ün kudreti ile kudretin söz''ü üzerine kurulmuş bir dünyayı aydınlatıyor. Ve ilk kez Sultan Ahmed Divanı, arandığı zaman her şeyin bir arada bulunabileceği bir bütün haline geliyor. ', 'KİTABEVİ', NULL, 26, '1999-12-31', 'full/8a1e6dba9aab77530aeeb1cbbf77427627c187e1.jpg', 'TÜRKÇE', ' 25,00', 11),
(31, 'Türkçe Kur''an ve Cumhuriyet İdeolojisi', 'Mustafa Kemal Atatürk''ün son dileği, ezandan başka ibadetleri de Türkçe olarak yaptırmak ve Türk kafasını Arap kafası köleliğinden kurtarmaktı. Türk Ocağı''na gittiğimiz gün, Kur''an''ı Türkçe''ye çevirmek konusunu açmıştı. Orada bulunan Kazım Karabekir şöyle dedi:', 'KİTABEVİ', NULL, 27, '1998-03-01', 'full/7b45816f61465fc671f6db570378bab36884e579.jpg', 'TÜRKÇE', ' 30,00', 20),
(32, 'Afganistan ve Türkler', 'Nüfusunun mühim bir kısmını Türklerin teşkil ettiği Afganistan ile Türkiye arasında tarih ve kültür bakımından pek çok müşterek taraflar bulunmasına rağmen, maalesef, memleketimizde Afganistan hakkında ciddi bir araştırma yapılmamıştır. Bu eksikliği gidermek ümidiyle "Dünden Bugüne Afganistan" adı altındaki araştırmamızı bir müddet evvel neşretmiştik. Bu araştırma esnasında müşahade ettiğimiz pek çok önemli husustan biri de Türkiye''nin, yarım asra yakın bir devre Afganistan''ın kaderine müsbet bir şekilde nasıl tesir ettiği idi. Bu hususu, Afgan tarihinin akışı içinde teferruatlı olarak işlemek mümkün olmadığından, ayrı bir çalışma mevzuu yapmak istedik. Bu vesileyle hem Türk-Afgan münasebetlerinin tarihçesini vermek hem de yirminci asrın ilk yarısında Türklerin, Afganistan''ın kaderine nasıl tesir ettiğini etraflıca tartışmak istedik. ', 'KİTABEVİ', NULL, 28, '1997-02-25', 'full/ba5c48c1ce7cfcf9d5c530cc00419cd2f2343894.jpg', 'TÜRKÇE', ' 15,00', 21),
(33, 'Amel Defteri', 'Mısır valisi Kavalalı Mehmet Ali Paşa Machiavelli''nin Hükümdar''ını peyderpey tercüme etmekle görevlendirdiği Artin''e, ilk üç dosyayı okuduktan sonra şunları söylüyor: "Machiavelli''den çevirdiğin bütün parçaları okudum. İlk on sayfada yeni olan pek fazla bir şey görmedim, fakat gelişeceğini ümit ediyordum. Bir sonraki on sayfa da daha iyi değildi. Sonuncusu ise bütünüyle alelade. Machiavelli''den öğrenecek fazla bir şeyimin olmadığını görüyorum; hileye dair onun bildiklerinden daha fazla malumat sahibiyim. Onu tercüme etmene artık gerek yok." ', 'KİTABEVİ', NULL, 29, '1998-12-31', 'full/03b753d9e095891a6324dd7b28798d5d4f35269e.jpg', 'TÜRKÇE', ' 10,00', 20),
(34, 'Edebi Hatıralar', 'Mehmet Rauf''un farklı yayın organlarında çıkan ve büyük kısmı "edebi hatıralar" üst başlığıyla yayınlanan yazıları bu kitabı şekillendirdi. Biz de onun seçtiği bu ismi, benzer isimde başka kitaplar olsa da aynen muhafaza ettik. Bunun dışında yine farklı dergilerde çıkmış ve onun hayatına ışık tutan hatıra niteliğindeki bazı yazı ve anketlere, bir de mülakata yer verdik. İfadede ve imlada bugün için yanlış görülen kullanımlar olsa da değiştirme yoluna gitmeden aynen almayı tercih ettik. Hatıraların sıralanmasında ise yayın tarihlerini değil, bir bütünlük teşkil etmesi amacıyla, anlatılan hadiselerin kendi içindeki kronolojik sırasını takip ettik.', 'KİTABEVİ', NULL, 30, '2008-05-07', 'full/1bad72fc41eb98bca1cb8edf11f38447e0afd4b2.jpg', '2. Baskı', ' 8,00', 8),
(35, 'Çocuk Gibi Olun', '"Çocuk gibi olun" Tolstoy''un Türkçe''ye çevrilmiş otuza yakın filozofik denemelerinin bir bölümünü oluşturmaktadır. 1920-1923 yılları arasında Ali Fuad tarafından "Rus Meşahir-I Hukemasından Tolstoy''un Asarından" başlığıyla çevrilen ve eski harflerle basılan eser, bu kez Akın Yeşilbaş''ın sadeleştirmesiyle günümüz okuru için yeniden hazırlanmıştır.', 'AYIŞIĞI KİTAPLARI', NULL, 31, '1998-12-31', 'full/1623274541a1c18670f3ef484df2c7b69fef9b5f.jpg', 'TÜRKÇE', ' 8,00', 22),
(36, 'Gülistanbul', 'Fethini müjdelemiş cihana gül, İstanbul', 'AYIŞIĞI KİTAPLARI', NULL, 32, '1999-12-31', 'full/a71275d3510ce0ca7039dcf978f5332fcc00809c.jpg', 'TÜRKÇE', ' 8,00', 1),
(37, 'Kutsalın Dönüşü', '"Kutsalın Dönüşü ve Yeni Toplum Arayışları" bir "uygulamalı din sosyolojisi" çalışmasıdır. Bu araştırma sürecinde toplanan veriler, modernizmin dışladığı din olgusunun, modernizm sonrası toplum yapılanmasında, insanlığın gündemine yeniden girdiğini göstermiştir.', 'AYIŞIĞI KİTAPLARI', NULL, 33, '1998-12-31', 'full/1179f1d28e5a3c32cf8f0885431993c5ed7737d1.jpg', 'TÜRKÇE', ' 5,00', 23),
(38, 'Segah Peşrev Bir İttihat Ve Terakki Romanı', 'Haziran 1909 ', 'AYIŞIĞI KİTAPLARI', NULL, 34, '1999-12-31', 'full/c33d4543be47a110767ef2247eee5e8cc2d0236e.jpg', 'TÜRKÇE', ' 10,00', 24),
(39, 'İnsanoğlu Nereye Gidiyorsun', 'Eserlerini büyük ölçüde "pozitivist" mantıkla kaleme alan ünlü Hırvat yazar Filip Çorlukiç''in, "efsaneler ve yaşayan dinlerin felsefi yönlerini" sözkonusu ettiği bilim kurgu türünde yazılmış, insanoğlunun yeryüzündeki serüvenini sorgulayan bu eseri, yayınlandığı günlerde pek çok çevirisi ile Batıda büyük yankılar uyandırmıştır.', 'AYIŞIĞI KİTAPLARI', NULL, 35, '1998-12-31', 'full/6a2324c5eea4603de61be35070a1442bef162d3f.jpg', 'TÜRKÇE', ' 20,00', 23),
(40, 'Hikayelerim (kod1)', '"En dakik Şeriat mihengi" ne vurulduktan sonra bütünleştirilen ve bütünleştirilecek olan eserleri üzerinde bu ölçüyü devam ettirmeye başlar ve en titiz murakabeyi sürdürmek borcunu üstlenirken; ', 'BÜYÜK DOĞU YAYINLARI', NULL, 36, '2012-07-01', 'full/3a57b5c9444a531288cf13991af046952dd20c76.jpg', '20. Baskı', ' 18,00', 25),
(41, 'Cinnet Müstatili (kod2)', 'Muamele ', 'BÜYÜK DOĞU YAYINLARI', NULL, 36, '2010-09-01', 'full/3a39940284626f23f1b7b133f375c39495b6fb25.jpg', '16. Baskı', ' 18,00', 8),
(42, 'Bir Adam Yaratmak (kod3)', '\r\n	Eser ilk olarak 1937-1938 kışında İstanbul Şehir Tiyatrosu''nda temsil edilmiştir.', 'BÜYÜK DOĞU YAYINLARI', NULL, 36, '2008-03-01', 'full/5b5bb4b5537f7c0a033697443d7141c54ddfb01b.jpg', '25. Baskı', ' 10,00', 26),
(43, 'Çile (kod4)', 'Şairliğim on iki yaşımda başladı.', 'BÜYÜK DOĞU YAYINLARI', NULL, 36, '2013-05-01', 'full/3aaf377fbe00f10326b7b9b8386d3d3aa074c2d1.jpg', '76. Baskı', ' 22,00', 1),
(44, 'Kafa Kağıdı (kod5)', 'Roman icatçı bir hayat taklididir. ', 'BÜYÜK DOĞU YAYINLARI', NULL, 36, '1999-10-01', 'full/792469839325275b7e6a3f35c1cd1d5b2d16c091.jpg', '9. Baskı', ' 14,00', 27),
(45, 'O Ve Ben (kod6)', '\r\n	Hayatını, Abdülhakîm Arvasî Hazretleri''ni "Tanıyıncaya Kadar" ve "Tanıdıktan Sonra" diye iki ana bölüme ayıran Necip Fazıl, Efendisine doğru kendisini cezbeden hâdiseleri de mânâlandırdığı otobiyografik eseri "O Ve Ben"i 1975''de şöyle takdim etmiştir:', 'BÜYÜK DOĞU YAYINLARI', NULL, 36, '2013-02-01', 'full/ec2d46b4c01477b4bb0711b5e6aa610ee3aaf3f2.jpg', '32. Baskı', ' 17,00', 27),
(46, 'Yunus Emre (kod7)', 'Yunus Emre', 'BÜYÜK DOĞU YAYINLARI', NULL, 36, '2012-08-01', 'full/2ad7bc31ed8710f5fa5f702d9ae724e60ecbcf8b.jpg', '14. Baskı', ' 8,00', 27),
(47, 'Ata Senfoni (kod8)', '"At''a Senfoni" yahut Atın Romanı... Tarihi, felsefesi, her şeyi içinde...', 'BÜYÜK DOĞU YAYINLARI', NULL, 36, '2008-03-01', 'full/8450ff65b273e981e9239e006cc24a9a2af064f0.jpg', '8. Baskı', ' 12,00', 28),
(48, 'Para (kod9)', 'Para: ', 'BÜYÜK DOĞU YAYINLARI', NULL, 36, '2000-11-01', 'full/bc65074ef079086eb255f60325c720ced85793ad.jpg', '11. Baskı', ' 10,00', 26),
(49, 'Sahte Kahramanlar (kod10)', ' Sahte Kahramanlar  ', 'BÜYÜK DOĞU YAYINLARI', NULL, 36, '2007-10-01', 'full/3b8878a3d341993743670222e125914605a5c6ed.jpg', '12. Baskı', ' 10,00', 29),
(50, 'Hazret-i Ali İlim Beldesinin Kapısı (kod11)', 'Çocuk Çığlığı', 'BÜYÜK DOĞU YAYINLARI', NULL, 36, '2000-05-01', 'full/46b57c9a3411ceb536a88e40f98a208b8d2cec08.jpg', '12. Baskı', ' 19,00', 7),
(51, 'Tanrı Kulundan Dinlediklerim (kod12)', 'Her "ulvi"nin zıddı, aynı boyda bir "süfli" değil mi?.. Kitaplık davaları günübirlik karalamalar ve hafif sohbetler içinde can çekiştirmek de cücelerin kârı...', 'BÜYÜK DOĞU YAYINLARI', NULL, 36, '1999-08-31', 'full/dbd056dec0e125a1ce54fa479a9e64ba07e0aab8.jpg', '8. Baskı', ' 17,00', 20),
(52, 'İhtilal (kod13)', 'Eser, Habil-Kabil vak''asından başlar ve birinci bölümde mutlak inkılapçılar olarak Nuh Peygamber, İbrahim Peygamber, Musa Peygamber ve İsa Peygamberle beraber, Peygamberler Peygamberinin mutlak inkılâplarını anlatır. Ötesi, insanoğlunun Hak gördüğü ve bildiği yollardaki ayaklanışlarının, mâna, ilim, ve usûl bakımlarından ders çıkarılması gereken romanımsı hikâyeleridir. Eski Yunandan Amerika İstiklal savaşlarına kadarki ihtilâller ikinci bölümde; Büyük Fransız İhtilali üçüncü bölümde; Napolyon Bonapart ve sonrası ihtilaller de dördüncü bölümde anlatılmıştır. Son bölümde ise, "hak ve hakikat bağlılarına en faydalı iş ve hareket kültürünün aşılandığı" Sentez kısmı yer almaktadır. ', 'BÜYÜK DOĞU YAYINLARI', NULL, 36, '1998-10-01', 'full/11b705187e868e11722afeeaeaf593ff1732feb4.jpg', '7. Baskı', ' 22,00', 30),
(53, 'Moskof (kod14)', 'Toplumlar ve milletler arasındaki zıtlığa, buzdağı ve yanardağ derecesinde en keskin örnek olarak, Moskofla Türkün gösterilebileceğini söyleyen Necip Fazıl, bu eserinde tarihî bir perspektif içinde Türk- Rus münasebetlerinin tahlilini yapar. Bu tahlilin içinde "Moskof" sözcüğünün ifade ettiği mânâ kadar Altun Ordu''dan başlayarak Cumhuriyet devrine kadarki Türk tarihinin kritik dönemlerinin teşhis ve mânalandırılması da vardır. ', 'BÜYÜK DOĞU YAYINLARI', NULL, 36, '2000-07-01', 'full/2c838e28c7b9399c407f05328aa756bb68c8366b.jpg', '8. Baskı', ' 20,00', 31),
(54, 'Tohum (kod15)', ' Tohum', 'BÜYÜK DOĞU YAYINLARI', NULL, 36, '2008-03-01', 'full/63bd1898434bf4402faafaeb7124522a275f1af8.jpg', '13. Baskı', ' 8,00', 26),
(55, 'Babıali (kod19)', '"Bâbıâli"yi okuyan bazı Müslümanlık taslayıcıların ondan gocunduklarını haber aldım. Onlar, eserin, fikir ve sanat kıymetine dikkat ettikleri halde şahsıma ait günah dolu bir hayatın açığa vuruluşunda ayrıca günah bulunduğu kanaatinde imişler.... ', 'BÜYÜK DOĞU YAYINLARI', NULL, 36, '2011-10-01', 'full/365d5d52c472b0060d41bd4e9c6a776246e23219.jpg', '15. Baskı', ' 19,00', 8),
(56, 'Sosyalizm Komünizm Ve İnsanlık (kod20)', 'Kaydettiğimiz gibi, cemiyete yüzde yüz denkleşme ve emek vahitleri arasında tesviyelenme imkânsızlığı, sanılmamalıdır ki; sımsıkı korunması, körüklenmesi ve geliştirilmesi lâzım bir hal, bir prensiptir. Tamamiyle aksi!.. Bu hal, hikmet icabı, bir zaruretin ifadesi; bu zaruret de, imkân nispetinde giderilmesi için ebedî bir mücadele mevzuu... Hayatı fışkırtan saik de, işte bu mücadeleye hız verici zıt kaynaklar... Nasıl saf bir sanat telâkkisi, bulmayı değil, sonsuz bir aramayı hedef tutarsa, cemiyet de tezatlarını kapatmaya doğru ebedî bir gidişi, varmanın aslâ mümkün olamayacağı şuuru içinde gaye edinmek borcudur. ', 'BÜYÜK DOĞU YAYINLARI', NULL, 36, '2000-01-01', 'full/916b317e886cac8735f06d8f9c2b370d8bbf02bc.jpg', '8. Baskı', ' 8,00', 31),
(57, 'Hitabeler (kod21)', 'Necip Fazıl Kısakürek''in, 1934 yılında D Grubu Resim sergisinde yaptığı "Beklenen Sanatkar" adlı konuşmasından, 21 Mayıs 1983 Cumartesi günü (vefatından 3 gün önce) Basında 50. yılını dolduranların Şilt Törenine gönderilmek üzere yazdırdığı satırlara kadar, her biri kesif ve keskin bir fikir ve aksiyon ruhu ifade eden, muhtelif yerlerde verdiği kısa konferans ve hitabeler.. ', 'BÜYÜK DOĞU YAYINLARI', NULL, 36, '1999-02-01', 'full/073d137abe5afabf6844a833716c5e1074ef598c.jpg', '7. Baskı', ' 18,00', 32),
(58, 'İbrahim Ethem (kod23)', '(Siyah ve mücerred fon.. Sol dip köşeden sağ ön köşeye doğru, haşmetli taht... Tahtın sağında bir gong... Büyüklü, küçüklü, şamdanlar... Siyah fonun üstünde ve orta yerde, altun yaldızla işlenmiş "Es-Sultan İbn-üs-Sultan İbrahim bin Edhem" yazılı tuğra...)', 'BÜYÜK DOĞU YAYINLARI', NULL, 36, '2000-10-01', 'full/dca152f30dadf237ca66911cb286c7a5b945cf2a.jpg', '8. Baskı', ' 8,00', 7),
(59, 'Hesaplaşma (kod24)', 'Millet.. Şimdi gidin, bağırın en büyük meydanında dünyanın: "Millet, gel!" Milleti tek adam halinde getirebilir misiniz önünüze?.. Millet hiçbir şey istemez ve isteyemez, dünyanın her yerinde... Milletten, isteyeceği  şey istetilir, gösterilir ve benimsetilir. Mu manâda biz demokrasi idarelerinden çok uzağız.. Milletin otuz milyondan üç milyona, üç milyondan otuz bine, üç yüze, ve bire inmesi için onları potasında eritecek bir ideâle ihtiyaç vardır!.. Al sana: "Millet-i İslâmiyet ve tek adam".."', 'BÜYÜK DOĞU YAYINLARI', NULL, 36, '2012-07-01', 'full/8d5bf50399699478ea301d3372f1678620e901c8.jpg', '11. Baskı', ' 10,00', 33),
(60, 'Esselam (kod25)', 'Nur', 'BÜYÜK DOĞU YAYINLARI', NULL, 36, '1999-02-08', 'full/1f6f2d89353fbfe6eaa6bc85657c8e5ce0d8fc0a.jpg', '8. Baskı', ' 10,00', 29),
(61, 'Dünya Bir İnkilap Bekliyor (kod26)', 'Bulunan, bulundu sanılan her şey eskimeye, pörsümeye, çürümeye, iflâs etmeye mahkûm.. Bu da, yaklaştıkça kaçan ufuk çizgisi misâline eş, bir "yeni"nin daha ilerideki "yeni"ye namzetliğini ilân ediyor. Aramak için aramak yok, bulmak için aramak var. Her bulduğum veya bulduğumu sandığım bayatlaşacağına göre aramak niçin?.. Her arayış da gayesine ulaşmayacağına göre bulmak ne fayda?.', 'BÜYÜK DOĞU YAYINLARI', NULL, 36, '1999-02-01', 'full/91c1bf1a94daa0137b6bbfc7d07ea8063ad9c850.jpg', '7. Baskı', ' 10,00', 31),
(62, 'Tarih Boyunca Büyük Mazlumlar (kod28)', 'Her milletten ve her cinsten mazlumları bir arada toplayıcı böyle bir eser, zannımca ilk kez tecrübe ediliyor.', 'BÜYÜK DOĞU YAYINLARI', NULL, 36, '1999-09-01', 'full/3d1d400e6e46431867f03b11b7272edb0e081fbe.jpg', '6. Baskı', ' 25,00', 31),
(63, 'Türkiye''nin Manzarası (kod29)', 'Acıklı manzara.. Benzeri görülmedik derecede acıklı.. Tarihte ne Yıldırım Beyazıd''ın Timurlenk''e yenilişinden sonraki çözülüş devresi, ne de Birinci Dünya Harbi''ni takip edici çöküş merhalesi bu kadar korkutucu.. ', 'BÜYÜK DOĞU YAYINLARI', NULL, 36, '2009-02-01', 'full/7d70e49c99a52dea27e88393dc9bbd46936fb83f.jpg', '10. Baskı', ' 10,00', 31),
(64, 'Çerçeve 1 (kod 77)', 'Bu başlık altında elim değdikçe hadiseleri çerçeveleyeceğim. Mikyasım 20 satırla 40 satır arası.. Demek ki, koyu ve toplayıcı çizgilere mahsus bir kemiyet ölçüsü üstündeyim.', 'BÜYÜK DOĞU YAYINLARI', NULL, 36, '2010-06-01', 'full/d25c378056981dc2602c9e60d5f4738fd471e050.jpg', '5. Baskı', ' 17,00', 31),
(65, 'Müdafaalarım (kod33)', 'Bu müdafaalar Necip Fazıl Kısakürek''in 1946-1983 tarihleri arasındaki muhtelif yargılanmalardan bir demet olup daha niceleri yayınlanmamış olarak mahkeme dosyalarındadır.', 'BÜYÜK DOĞU YAYINLARI', NULL, 36, '2004-08-23', 'full/be8a2b5ccc857e63c2eea6ff3c542789495aac8d.jpg', '8. Baskı', ' 20,00', 34),
(66, 'Çöle İnen Nur (kod39)', '\r\n	İzin ver; onu bir kere de ben anlatayım! İzin ver; herkesin boyuna göre açıldığı bu ufuksuz denizde sana yaklaşabilmek değil, fakat kıyılardan, gerilerden yani kendimden uzaklaşabilmak manasına bir kere de ben gücümü deneyeyim! Öyle ki, sahili kaybetsem, artık gerilere dönemesem ve sende boğulsam, işte o zaman aradığım hayatın eşiğine ayak basmış olurum. ', 'BÜYÜK DOĞU YAYINLARI', NULL, 36, '2013-04-01', 'full/eacac4a284e7fa721621dc4cbd67f0ac348be05d.jpg', '48. Baskı', ' 25,00', 35),
(67, 'Son Devrin Din Mazlumları (kod40)', '\r\n	Takdim', 'BÜYÜK DOĞU YAYINLARI', NULL, 36, '2008-03-01', 'full/06c9d97326fe5add219f2195f32cfc0317ded9da.jpg', '26. Baskı', ' 19,00', 7),
(68, 'Öfke Ve Hiciv (kod41)', 'Eser, büyük şiirini, dünya edebiyatına "Çile" ile armağan eden Büyük Türk şairinin 1947 yılından başlayarak birçok gazete ve dergide "Ozan" veya "Ozanbaşı" gibi çeşitli isimlerle yayınlanmış satirik mahiyetteki günlük şaka ve fantezileriyle nazım formu içinde anlık tespit ve öfkelerini noktalayan bazı manzumelerinden ibaret olup, "b.d. Yayınları" tarafından derlenmiştir. ', 'BÜYÜK DOĞU YAYINLARI', NULL, 36, '2004-08-23', 'full/8f7c0caa5cb701a38af5ee6d6ceaa6b7c44b61af.jpg', '6. Baskı', ' 17,00', 1),
(69, 'Sabır Taşı (kod42)', 'Sabır Taşı:', 'BÜYÜK DOĞU YAYINLARI', NULL, 36, '2000-11-01', 'full/39e3c874dcc93e6cb81ca6e63955706a0b4a062e.jpg', '8. Baskı', ' 8,00', 26),
(70, 'Çerçeve 2 (kod 78)', 'Millet, büyüğünü hiçbir zaman ela gözlerine aşık olduğu için sevmez. Millet sevgisinin kaynağı, kör ve kaba hissilik değildir. Millet sevgisi, neticede his, sebepte fikirdir. Sevgide inanmak ve inanmakta bilmek var... ', 'BÜYÜK DOĞU YAYINLARI', NULL, 36, '2010-06-01', 'full/7fe2178c8c01b57692fa5858b5653827643388ad.jpg', '4. Baskı', ' 16,00', 31),
(71, 'Rabıta-i Şerife (kod47)', 'takdim', 'BÜYÜK DOĞU YAYINLARI', NULL, 36, '2010-10-01', 'full/f259bf3bf11f1ab26de35871f640353602b18377.jpg', '14. Baskı', ' 14,00', 36),
(72, 'Çerçeve 3 (kod 79)', ' ', 'BÜYÜK DOĞU YAYINLARI', NULL, 36, '2010-06-01', 'full/358dca91554679913daaf76a7109987d8fc559c7.jpg', '4. Baskı', ' 17,00', 31),
(73, 'Hücum Ve Polemik (kod53)', 'Bilmiyorsun ki sen, cevherinin terkibini bulduğun ve yasaklarını kurduğun gün, sivri burunlu ve miyop bakışlı Avrupa kuyumcuları ayağına kadar gelecektir. ', 'BÜYÜK DOĞU YAYINLARI', NULL, 36, '2009-02-01', 'full/437d8d1284cae9668703817c59be90d933fdac29.jpg', '5. Baskı', ' 17,00', 31),
(74, 'Rapor 1-2 (kod69)', '1971’de Sıkıyönetimin ilaniyle 15’inci devresini kapatan Büyük Doğu dergisini dört-beş sene sonra tekrar çıkarmaya karar veren Necip Fazıl, daha hazırlık safhasında, genel bir akâmet, iktidarsızlık, fesat ve çürüme ortamiyle karşılaşınca; «Büyük Doğu çıkamaz! Ancak (Rapor 1-2-3..) diye yeni bir tarz düşünülebilir!» hükmüne varır. Raporlar, aylık yazılar şeklinde 1976 – 1980 yılları arasında 13 sayı çıkmıştır. Bu serinin birinci kitabında, ilk iki Rapor, ikinci kitabında 3’üncü, 4’üncü Rapor, üçüncü kitabında 5’inci, 6’ıncı Rapor, dördüncü kitabında 7’inci, 8’inci Rapor, beşinci kitabında 9’uncu, 10’uncu Rapor ve altıncı kitabında 11’inci, 12’nci ve 13’üncü Rapor birarada yayınlanmıştır.  ', 'BÜYÜK DOĞU YAYINLARI', NULL, 36, '2009-02-01', 'full/310181a75327ede615712ec1ae9176ea921a912f.jpg', '5. Baskı', ' 10,00', 31),
(75, 'Rapor 3-4 (kod70)', ' ', 'BÜYÜK DOĞU YAYINLARI', NULL, 36, '2009-02-01', 'full/809225327a919b4007eefe29c0606787c2e63151.jpg', '6. Baskı', ' 12,00', 31),
(76, 'Rapor 5-6 (kod71)', ' ', 'BÜYÜK DOĞU YAYINLARI', NULL, 36, '2009-02-01', 'full/30ad2d7a4f96aca5e8d0ee73c9b5d77027214114.jpg', '6. Baskı', ' 12,00', 31),
(77, 'Rapor 7-8 (kod72)', 'Allah için aç ve susuz kalmayı sevenler, yeis ve ümitsizliğe düşmeden beklemeyi bilirler. ', 'BÜYÜK DOĞU YAYINLARI', NULL, 36, '2009-07-01', 'full/04b05c5d31c9a863b98669cf1cbaa920fcc0c1d3.jpg', '4. Baskı', ' 12,00', 31),
(78, 'Reşahat (kod59)', 'Tasavvuf hikmetleri ve Evliya menkıbelerinin iki ana eseri vardır: Biri, Mevlânâ Câmi Hazretlerinin "Nefahat", öbürü de Şeyh Safiyüddin Hazretlerinin "Reşahat" isimli kitapları... Bunlardan ilki, "Halkadan Pırıltılar" isimli eserime malzeme kaynağı teşkil eder ve o kaynaktan söz ettiğim zülâl, benim ruh kabımda şekillenir, renklenir ve böylece istiklâlli bir mânâ kazanırken; sadece özleştirip aynen isimlendirdiğim "Reşahat", asliyle sadeleştirdiğim bir nevi tercüme denemesi oluyor. Fakat öyle bir tercüme ki, müellifini benim Türkçem ve üslûbumla ifadeye davet eder gibi bir şey...', 'BÜYÜK DOĞU YAYINLARI', NULL, 36, '2012-10-01', 'full/d9020d31d42c7c69171f7ef2e28bfa7f17be6ed9.jpg', '3. Baskı', ' 24,00', 36),
(79, 'Başmakalelerim 2(kod61)', 'Hükûmet bu hükûmet midir, bilmiyoruz; fakat mutlaka bilinmesini istiyoruz ki, muhalefet bu muhalefet değildir. Bu muhalefet, kalpazanların, şantajcıların, yani sadece erbâb-ı mesleğin muhalefetidir; ve böyle bir muhalefet, bu derece şenî bir mâna kalpazanlığiyle "Personna Grata" rolünü oynamakta devam ettikçe gerçek muhalefet ve sâf fikrin ırzı hetkedilmekte devam edecektir. ', 'BÜYÜK DOĞU YAYINLARI', NULL, 36, '2000-11-01', 'full/30270d8b5cdb61144aa157cbc9ee8e605ba93080.jpg', '2. Baskı', ' 18,00', 31),
(80, 'Mektubat (Kod:63)', 'Mektubatı Takdim', 'BÜYÜK DOĞU YAYINLARI', NULL, 36, '1999-02-01', 'full/5cadbae3256bd270077a66617ec45d2f990c17b6.jpg', '3. Baskı', ' 16,00', 36),
(81, 'Çerçeve 4 (kod 80)', 'Bizde, gazete dedikleri, tirajı bir buçuk milyona yaklaşan nesne... Yüzde altmış beşiyle hava-cıva işportacısı, yüzde yirmisiyle solcu ve din düşmanı, yüzde onuyla de samimiyetsiz mukaddesat tüccarı... Halislik ve millîlik örneği olarak geriye kalan, sadece yüzde beş... Tersinden ne hazin nispettir ki, kendi deyimleriyle devrimciler ve ilericiler de bu milletin ancak yüzde beşi... Böyleyken, onlar, basındaki tecelleriyle yüzde doksan beş, millî ruh köküne bağlılık dâvasındakilerse yüzde beş...', 'BÜYÜK DOĞU YAYINLARI', NULL, 36, '2010-06-01', 'full/7fe1933fcbf630d9b0aed8f2cdebb1ca67abe945.jpg', '4. Baskı', ' 19,00', 31),
(82, 'Çerçeve 5 (kod 81)', 'Vaktiyle, kendilerini ilerici sayan bazı tipler, beni kötülemek için fikirlerime fikirle karşı çıkmazlardı da şahsıma çatarlar ve bu arada beni kibirlilikle, kendimi büyük görmekle suçlandırırlardı. Mesela bunlardan hürmetlice biri şöyle demişti bana:', 'BÜYÜK DOĞU YAYINLARI', NULL, 36, '2010-06-01', 'full/feb7f09f645eb12878fcd80af05051e65885edea.jpg', '2. Baskı', ' 19,00', 31),
(83, 'Başmakalelerim 3(kod62)', 'Yolumu, 1961 sonunda, hapisten çıkarken kalbime yazmıştım: Çocukların taş attığı sapanları gibi bir şekil... Biri, kuyunun dibini, öbürü kulenin tepesini gösteren iki uç... Bütün şehir yıkılsa sesinin gelmeyeceği kuyu; ferdiyetine tam kapanış ve dudaklarını tam kapayış... Tepesinden gök  gürültülerinin yayınlanacağı kule ise, cemiyete tüm açılış ve çığlığı tam koparış.. Ya her şeyden büsbütün el etek çekeceğim, yahut her şeye topyekûn el uzatacağım...', 'BÜYÜK DOĞU YAYINLARI', NULL, 36, '1999-11-01', 'full/f7004e1f9dbc0eb0cf7193feccb7e10c279755e1.jpg', '2. Baskı', ' 18,00', 31),
(84, 'Gönül Nimetleri (kod64)', ' ', 'BÜYÜK DOĞU YAYINLARI', NULL, 36, '2008-08-01', 'full/71cb87d19cc22475b36113029855b015420d2441.jpg', '7. Baskı', ' 25,00', 36),
(85, 'Hadiselerin Muhasebesi-1(kod66)', 'Bu eser:', 'BÜYÜK DOĞU YAYINLARI', NULL, 36, '2010-06-01', 'full/052f1a6174436caa2bbf5b14282d733b56c90a63.jpg', '3. Baskı', ' 15,00', 31),
(86, 'İlim Felsefe Kur''an Işığında İman', 'Çağımız gerçekten de bahtsızlıklarla dolu bir çağdır. Yirminci asrın insanı madde ve teknik alanda birçok şeyler yapabildi ama manevi alanlarda o nisbette zor ve dar çıkmazlara girdi. İlim, kendisinden beklenen ümit ışığını vereceğine korku üstüne korku getirdi dünyamıza. Felsefe derin bir sessizlik içinde tehlikelere adeta alkış tutuyor. Dinin sosyal hayattaki fonksiyonunu kabullenmemek sanki en kıymetli meta.', 'KİTABEVİ', NULL, 37, '1995-12-31', 'full/d06b16b3eb582c7b76e6edd0bab9845b9e5d7e1b.jpg', '2. Baskı', ' 20,00', 15),
(87, 'Türkiye Cumhuriyeti Tarihine Giriş', '"Türkiye Cumhuriyeti Tarihi''ne Giriş" bu konuda sayısız kitap okumuş bir meraklının öncelikle kendi merakını gidermek için hazırladığı bir kitaptır. Cumhuriyet veya devrim/inkılap tarihi kitaplarını hiç bir zaman meraklılar okumaz: Çünkü bu kitaplarda merak edilecek bir şey yoktur! Asayiş berkemaldir; her şey yerli yerindedir çünkü! Hainler ihanet eder, düşmanlar düşmanlık için doğmuştur. Kahramanlar ise kahramanlık göstermek için. Hainler sürekli ihanet eder, düşmanlar düşmanlık yapar. Kahramanlar ise yemez içmez, haydarane celadetleriyle onları bertaraf edip vatanı kurtarırlar. Hatta vatan kurtarılmakla kalınmaz, yepyeni, dünyada eşi menendi olmayan, ilelebed payidar olacak harika bir sistem kurulur.', 'KİTABEVİ', NULL, 4, '1998-12-31', 'full/99ff75a8c0146007b7cdc57dea7262ad491878f2.jpg', 'TÜRKÇE', ' 15,00', 37),
(88, 'Naima''ya Göre 17. Yüzyıl Osmanlı Toplum Yapısı', '\r\n	Doğu ile Batı''nın gelişme ve ilerleme anlayışları farklı olmuştur. Batı, değişme ve ilerlemeyi mihaniki bir tarzda, her kademede biri ötekinden farklı olan, birbirini aşan yeni olgular meydana getirmek suretiyle bir senteze ulaşma şeklinde anlar. İlerleme, bir durumdan ötekine geçme, bir sıçramadır. Halbuki Doğu, bir buğday tanesinin bir başağı oluşturması gibi, kendi iç dünyasından filizlenen bir tekevvün olarak açıklar. Biri bir varlıktan bir başka varlığa geçiş gibi yan yana ilerleme, diğeri aynı varlığın kendi içinde meydana gelen içiçe bir değişme ve olgunlaşmadır.', 'AYIŞIĞI KİTAPLARI', NULL, 33, '1997-12-31', 'full/9c75d5859ff0f3d657a20826f0b5cb501efb785c.jpg', 'TÜRKÇE', ' 20,00', 3),
(89, 'Etkili İnsanların 7 Alışkanlığı', 'Kişisel, mesleki ve ailevi sorunların çözümünde ilke merkezli bir yaklaşım benimseyen ve toplam kalite anlayışının öncülerinden olan Stephen R. Covey, çarpıcı örneklerden yola çıkarak, aşama aşama, insana yaraşır biçimde dürüst, uyumlu, huzurlu, başarılı bir yaşam için değişime ayak uydurmamızı sağlayan alışkanlıkları belirliyor, değişimin yarattığı fırsatlardan yararlanabilmek için gerekli olan bilgelik ve güce ulaşmanın yollarını gösteriyor. ', 'VARLIK YAYINLARI', NULL, 38, '2013-01-01', 'full/aaddcd84a9e18fa0ac559c00eb9d97b5a550661f.jpg', '45. Baskı', ' 25,00', 38),
(90, 'Zerdüşt Böyle Diyordu', 'Nietzsche, 20. yüzyılı kuvvetle etkileyen en büyük filozoflardan biridir ve bu yapıtı yalnız Alman edebiyatının değil, düşünce tarihinin de bir anıtıdır. Yazarın bütün felsefesi, birbirini tamamlayan su iki tema üzerinde toplanır: ''sonrasız dönüş'' ve ''üstinsan''. ', 'VARLIK YAYINLARI', NULL, 39, '2013-08-01', 'full/9ed86182580ddc75090a07d1999aa5aaefe43762.jpg', '16. Baskı', ' 20,00', 39),
(91, 'Edebiyatımızda Eserler Sözlüğü', 'Çağdaş edebiyatımızın roman, öykü, oyun ve ani türlerinde belli baslı yapıtları tanıtan, yazarlarımızın hangi konuları nasıl islediklerini özetleyen bu kitap, okuyacağınız eserler arasında zevkinize, sanat ve dünya görüşünüze uygun olanları seçmenize yardımcı olacaktır. ', 'VARLIK YAYINLARI', NULL, 40, '2005-01-01', 'full/f115fcd69cc1feaf125d78377f166d7c379f55f7.jpg', '9. Baskı', ' 20,00', 40);
INSERT INTO `books` (`bid`, `title`, `summary`, `yayinevi`, `shop`, `aid`, `year`, `img`, `language`, `price`, `gid`) VALUES
(92, 'Öfke Dansı', 'Öfkenin nedenleri ve modelleri üzerinde duran bu kitap, önemli ilişkilerde anlamlı ve uzun vadeli değişimler gerçekleştirmeyi sağlayacak özel stratejiler sunuyor. Kavga ve suçlamayla ya da sessizlik ve duygusal uzaklaşmayla dışarı vurulan Öfkenin, mevcut ilişki dinamiklerini neden ve nasıl koruduğunu kanıtlıyor ve öfkeyi yapıcı bir hale dönüştürmenin yollarını gösteriyor. ', 'VARLIK YAYINLARI', NULL, 41, '2013-08-01', 'full/4ae47ae59406f31c672ad4792bd191bc9db0413f.jpg', '14. Baskı', ' 18,00', 41),
(93, 'Kandırma Dansı', 'Bu kitap, kadınların gerçeği saptırmak ve saklamak amacıyla başvurdukları yolları (ve nedenlerini) ele alıyor. İlişkilerimizin yalan, taklit, suskunluk, ''mis gibi yapma'' ve cesurca doğruyu söyleme çabalarıyla nasıl etkilendiğini gösteriyor. Gizli ilişki, aile sırrı, cinsellikten haz alma taklidi gibi konularda, doğruları keşfederek dile getirmeye yardımcı oluyor. ', 'VARLIK YAYINLARI', NULL, 41, '2011-06-20', 'full/f954b92145a2454b233999b47c50b93185352351.jpg', '5. Baskı', ' 18,00', 39),
(94, 'Geçtiği Her Şeyi Öpüyor Zaman', '80 kuşağının az ama öz yazan şairi Enver Ercan’ın “Geçtiği Her Şeyi Öpüyor Zaman” adlı şiir dosyası 1996 Cemal Süreya Şiir Ödülü, kitap olarak yayımlandıktan sonra da 1997 Yunus Nadi Şiir Ödülü’ne değer görülmüştü.', 'VARLIK YAYINLARI', NULL, 42, '2014-03-03', 'full/41e9e47f2ace5c4e7c0254b1aa5e666ab4393c5d.jpg', '5. Baskı', ' 10,00', 1),
(95, 'Bir Delinin Hatıra Defteri', '\r\n	Büyük Rus yazarı Gogol''ün en ünlü klasiklerinden biri olan ve tiyatrolarda defalarca sahnelenen öyküsünün yanı sıra, Palto ve Burun adlı iki ünlü öyküsü daha bu kitapta yer alıyor. Yazar birinci öyküde: delicesine âşık bir gencin yürek parçalayıcı halini korkunç bir tahlil gücüyle anlatıyor. İkinci öyküde ise, bencil ve düzenbaz bir devlet memurunun kendinden de düzenbaz bir şefin ayak oyunu karşısında yere serilişi anlatılıyor. ', 'VARLIK YAYINLARI', NULL, 43, '2012-01-01', 'full/07a276101f84b1c5b328fa82fec5efea53f626bd.jpg', '23. Baskı', ' 10,00', 42),
(96, 'Sokak Kızı', 'Tuna kıyısındaki Ibrail kentinin şiirli dekoru içinde ayni ateşli ve gizemli kızı seven iki delikanlının en candan bir arkadaşlık içinde yer alan korkunç çatışmaları. ', 'VARLIK YAYINLARI', NULL, 44, '2013-08-21', 'full/5011af50af8e17593c0400805ca3e22c0a74fb7a.jpg', '16. Baskı', ' 12,00', 42),
(97, 'Beni Hiç Anlamıyorsun', 'Kadınlarla erkeklerin seslerine kulak veren dilbilim profesörü Tannen, ilişkilerimizin başına bela olan anlaşmazlıklardan anlam çıkarıyor, ortada bir anlaşmazlık yokken bile kadınlarla erkeklerin, konuşmaları farklı biçimde yorumladığını ortaya koyuyor. İletişim kurma konusundaki içten girişimlerimizin neden sik sik ters gittiğini, bu tatsızlıklardan bazılarını nasıl önleyeceğimizi açıklıyor. ', 'VARLIK YAYINLARI', NULL, 45, '2013-01-01', 'full/d9c6f78b8423cd06e40a106d352967ee6bcc94c4.jpg', '3. Baskı', ' 20,00', 38),
(98, 'Aşkta Terör ', 'Kitabın ilk basımı "İkili İlişkilerde Terörizm" adıyla yayımlanmıştır.', 'VARLIK YAYINLARI', NULL, 46, '2013-05-15', 'full/8335152c6b09fc933bf25221e3b22292506823b4.jpg', '2. Baskı', ' 20,00', 43),
(99, 'Önemli İşlere Öncelik', 'Liderlik ve is yönetimi konularında dünyanın en etkili yazar ve eğitmenlerinden sayılan, ETKILI INSANLARIN 7 ALISKANLIGI''nin yazarı Covey, bu kitapla ''7 Aliskanlik''tan biri olan Önemli İslere Öncelik tanıma alışkanlığını derinlemesine inceliyor. Mesajı. yine çok yalın ve anlamlı; Ne kadar hızlı koştuğumuz değil, nereye gittiğimiz önemlidir. ', 'VARLIK YAYINLARI', NULL, 38, '2013-08-01', 'full/208c2aa7eab9749d4fa8c8335cf78beaaa592ac3.jpg', '13. Baskı', ' 22,00', 41),
(100, 'Duygusal Zeka', 'Psikolog Dr. Goleman, çığır açan eserinde zeka kavramını yeniden tanımlıyor. Basari ve zeka testlerinin temelindeki IQ ölçeğinin, örneğin bir çocuğun gelecekteki basarisini tahmin etmeye yetmediğini savunan Goleman, eski deyimle OLGUNLUK anlamına gelen duygusal zeka(EQ) kavramını açıklıyor. ', 'VARLIK YAYINLARI', NULL, 47, '2013-10-01', 'full/0ff5bd2f6354fcdbedfd92620ca24d822b7dafe2.jpg', '37. Baskı', ' 25,00', 44),
(101, 'Seks Neden Keyiflidir', 'Evrimsel biyolojinin önde gelen uzmanlarından ve UCLA Tip Okulu profesörü, 1998 Pulitzer Ödülü sahibi yazar,insanların cinsel davranışlarını, soyuna en yakın diğer hayvan türlerinden bile farklı kılan evrimsel güçleri, esprili bir dille anlatıyor ve insan olarak kendimize daha geniş bir perspektiften bakabilmemizi sağlıyor. ', 'VARLIK YAYINLARI', NULL, 48, '2011-06-02', 'full/a53f10f896af622ad236ddd91702b4ed0b3ecc8a.jpg', '2. Baskı', ' 12,00', 45),
(102, 'Küçük Güzeldir', 'Bati dünyasının ekonomik yapısına devrimci bir acıdan bakan bu kitabin yazarı, insanoğlunun bugün kar ve ilerleme peşinde koşturmasının dev örgütlere ve artan bir uzmanlaşmaya yol acarken, aslında göze batan bir ekonomik verimsizliğe, cevre kirlenmesine ve insanlık dışı çalışma koşullarına neden olduğunu ileri sürüyor. Malin değil, kişinin üzerinde duran bu kitap, insanin sermayenin kölesi kalacağı yerde, sermayenin insana hizmet edeceği bir dünyaya giden yolu gösteriyor. ', 'CEP KİTAPLARI', NULL, 49, '2002-01-12', 'full/656ce18f1d546e3ddd571b07e254ca77662d1461.jpg', '4. Baskı', ' 15,00', 39),
(103, 'Bütün Şiirleri / K.Kavafis', ' ', 'VARLIK YAYINLARI', NULL, 50, '2005-01-01', 'full/b08845fb05ab9e5e699cc2cd014a4b9c26a8ac74.jpg', '5. Baskı', ' 25,00', 46),
(104, 'Sünger Avcısı', 'Bu kitapta Panait Istrati`nin birbirinden güzel beş uzun öyküsü yer alıyor. Hep ayni Akdeniz havası, hep o sıcakkanlı, yasamaya susamış insanlar... İçlerinde iyileri de var, kötüleri de, ama hepsi insan... Hiçbiri bizim dünyamızın dışında, düş ülkelerinde yasamıyor... ', 'VARLIK YAYINLARI', NULL, 44, '2013-08-21', 'full/a8d413454b32c6d3313d0aa39715a4485446b8e2.jpg', '8. Baskı', ' 12,00', 42),
(105, 'Yüksek EQ''lu Bir Çocuk Yetiştirmek', 'Büyümenin doğal sorunlarıyla basa çıkmasına yardımcı olmak gereken çocuklarımızın duygusal zeka becerilerini edinmesi için anne-babalara ve eğitimcilere rehber kitap. ', 'VARLIK YAYINLARI', NULL, 51, '2010-01-01', 'full/b6db08f3b1f81e5a0fa2cdf5ba19ce344a961537.jpg', '11. Baskı', ' 18,00', 47),
(106, 'Descartes''ın Yanılgısı', '\r\n	Dünyanın önde gelen nörologlarından Damasio, duyguların insan davranışındaki rolünü beyin araştırmaların bulgularına dayanarak aydınlatırken, 400 yıllık Kartezyen düşüncenin temel kavramlarını da çürütüyor: Zihin, bedenden ayrı bir varlık olmadığı gibi, zihni yaratan da bedendir.Duygular, insanin karar alma mekanizmasında çok etkili bir rol oynar. ', 'VARLIK YAYINLARI', NULL, 52, '2006-01-01', 'full/91f195f7c9ffa79ddfc44b3023fa9c7bbb9ae5ea.jpg', '3. Baskı', ' 20,00', 39),
(107, 'Korksan da Vazgeçme', 'Saygın bir konuşmacı ve yazar olan Jeffers, insanlara kendi kendine telkin yoluyla korkularını yenmeyi ve güce dönüştürmeyi öğretiyor. ', 'VARLIK YAYINLARI', NULL, 53, '2013-01-01', 'full/75f12c0de83b7a3c3a729867aa65f98da16477ad.jpg', '3. Baskı', ' 18,00', 41),
(108, 'Farsça Grameri Sarf Ve Nahiv', '... ', 'KİTABEVİ', NULL, 54, '1997-12-31', 'full/97568af0414a7a16d0a928041e21778b0507538a.jpg', 'TÜRKÇE', ' 30,00', 13),
(109, 'Atatürk''ün Çağdaş Toplum ve Din Anlayışı', 'Kitap, toplumsal değerlerimiz bakımından Atatürk ilkelerinin objektif, bilimsel bir değerlendirmesini amaçlamaktadır.', 'AYIŞIĞI KİTAPLARI', NULL, 55, '1998-12-31', 'full/477c1c7f7fd3d35013207ad5251635339ed4f89c.jpg', 'TÜRKÇE', ' 12,00', 48),
(110, 'Düşünce Tarihinde Tanrı Sorunu', 'Batıda Yeniçağ''dan itibaren pozitif bilimin de etkileri ile evren hakkındaki yaklaşımlar ve bunun felsefi düşünceye etkisi, yeni teolojik tartışmaları da beraberinde getirmiştir. Giderek 18. Yüzyılda aydınlanmacıların deist anlayışları, 19. Yüzyılda bilimsel iddialarla ortaya çıkan Pozitivizm, Marksizm, Darwinizm, Freudizm ve Egzistansiyalizm gibi akımlar din, klasik teoloji, dolayısıyla Tanrı üzerine çeşitli tartışmalara neden olmuştur. Nitekim, Tanrı kanıtlamalarını başarılı bulanlar yanında başta Hume ve özellikle Kant, onları köklü bir biçimde eleştirmiştir. Öte yandan ateist ve nihilist yorumlar yeni teolojik çıkışlar aramaya sebep olmuş, teist filozoflar tezlekrini anılan gelişmeler karşısında yeniden gözden geçirmek durumunda kalmışlardır. Hatta, geleneksel ilahiyat, bizde "Yeni İlm-I Kelam" anlayışında da görüldüğü gibi yeni arayışlara yönelmiş, çeşitli akımlar ortaya çıkmıştır. ', 'AYIŞIĞI KİTAPLARI', NULL, 56, '1998-12-31', 'full/abbe4869174a8b5adb473f865c9b874cabce27fe.jpg', 'TÜRKÇE', ' 12,00', 23),
(111, 'Bir Siyasi Proje Olarak Türkçe İbadet  1', '"Göztepe İmamı Mehmed Cemaleddin Efendi ilk defa ibadette Türk lisanını kullanmış olmak şerefini kazanmıştır. Bunu da milletin ilhamıyla yapmıştır. Millet, Tanrısıyla bi''l-istiklal münasebete girmek istemiştir; artık, manasını anlamadığı kelimelerle Tanrısına hitab etmenin manasızlığını anlamıştır. İnkılab sathen ve umkan artacak; kizbin, riyanın, taassubun, kinin, hasedin celi-hafi kudurmasına ve nura ve nurlulara için için diş bilemesine rağmen bunlar olacak! Anladığımız ve iman ettiğimiz manasıyla İnkılab''ın; millete istiklal, afiyet, refah, nur ve hararet veren İnkilab''ın yaşaması ve pür-afiyet yaşaması için, inde''l-hace, ölümün karşısına da çıkmaya hazır olan müminleri vardır!"', 'KİTABEVİ', NULL, 27, '1999-12-31', 'full/842d576ce227f47a660f94189a3a2dbfe7224079.jpg', 'TÜRKÇE', ' 30,00', 31),
(112, 'İslam''da Cemaatler Kavramı', 'İslam dini, ideolojik oluşumunun başından beri "içeride" ve "dışarıya karşı" birlik konusunda ısrar etmiştir. Yine de sosyolojik gerçekler, hicretin ilk yarım yüzyılından beri İslam toplumunda birbirinden farklı cemaatlerin varolduğunu gösteriyor. Bu eser İslam toplumunda cemaatlerin ilk teşekkül aşamalarına ışık tutmayı hedefliyor.', 'KİTABEVİ KELEPİR', NULL, 57, '1991-10-01', 'full/62283f9e812b255e2dc496ce4a7a1f63efb99317.jpg', 'TÜRKÇE', ' 10,00', 29),
(113, 'Doğu Türkistan Türkleri Tarihi 1Başlangıcından 1878''e Kadar', 'Türklerin en eski yurtlarından biri olan Doğu Türkistan aynı zamanda Türk kültürünün de en eski ve en zengin bölgelerinden biridir. Bu önemine rağmen Doğu Türkistan, maalesef Türk tarih araştırmalarında layık olduğu yeri alamamıştır. Bunda şüphesiz yeterli sayıda ve kalitede uzman yetişmemiş olmasının da büyük payı vardır. Bu bakımdan, Doğu Türkistan tarihi üzerine yapılmış olan bu çalışma, büyük önem taşımakta ve ciddi bir boşluk doldurmaktadır.', 'KİTABEVİ', NULL, 28, '1997-12-31', 'full/a9fa0f8cee897b04f44d20e3548bbffc23917b6d.jpg', 'TÜRKÇE', ' 15,00', 3),
(114, 'İnsan Toplum Edebiyat', 'Türk toplumunda 19. Asırdan bugüne bulantısı ve bunalımı hala devam eden bir değişim ve "başka"laşım periyodunun en kalıcı bir mecrada izini sürmek, en insani boyutuyla mahiyetini anlamak ve en zengin açılımlarıyla yorumunu yapabilmek için, Türk edebiyatı, izlenecek yolun görmezlikten gelinemeyecek işaret taşlarından birisidir. Edebi eserin aynı zamanda bir "sosyal belge" oluşu, bir "sosyal mekteb" oluşu ve neticede "sosyal gerçeklik" hüviyetinin en vazgeçilmez görünümleriyle tezahür edişi herhalde en çok bu son iki yüzyılda kendisini gösterir.', 'KİTABEVİ', NULL, 24, '1996-12-31', 'full/fab31d8be5aa246d026ca0d063e22220493d5d23.jpg', 'TÜRKÇE', ' 10,00', 11),
(115, 'İslami Antropolojinin Oluşturulması', 'Milletlerarası bağımlılığın öneminin arttığı, bir milletin diğer milletlerden soyutlanmış bir şekilde varlığını sürdüremediği bir dünyada antropoloji çok önemli bir konuma gelmiştir. İnsanın doğasını tanımlama ve insan toplumlarıyla onların kültürlerindeki farklılıklardan doğan soruları cevaplama, kendimizi ve başkalarını tanıma çabaları insanlar arasında anlayışı geliştirmede temel teşkil etmektedir. Müslümanlar için antropoloji''nin daha özel bir önemi vardır. İslam''ın esası evrenseldir, antropoloji, müslümanlara hem kendilerini tanımayı, hem de diğer toplumları tanıyıp toleranslı davranma anlayışını öğretecektir. Bu tür bilgiler müslümanların dünyanın kollektif geleceğinde yapıcı bir rol oynamalarını sağlayacaktır.', 'KİTABEVİ KELEPİR', NULL, 58, '1991-01-01', 'full/303d654ff89203b24a3bd7d360553abddae831ac.jpg', 'TÜRKÇE', ' 10,00', 30),
(116, 'Makaleler ', 'Ali Kemal''in (1867-1922) Meşrutiyet''ten Cumhuriyet''e uzanan dönemin yeni arayışlar, değişim, yenileşme ve siyasi fikir ayrılıklarıyla allak bullak edilen atmosferinde çıkardığı Peyam gazetesinin ebedi nüshası olan Peyam-ı Edebi''de kaleme aldığı dil ve edebiyat yazılarından oluşan bu eser, atalarımıza ait kültür birikimlerinin, gazeteci bir edib kalemiyle anlatımından ibarettir. Yazarın edebi vukufu yanında bediı üslup ve akıcı diliyle de zenginleşen bu kitabı okurken mazi ile aranızdaki bağların tekrar kurulduğunu hissedecek ve bizi biz yapan değerlerin bazılarını yeniden tanıyacaksınız. ', 'KİTABEVİ', NULL, 59, '1997-12-31', 'full/eab6e8f5eea02bb4adb02417246dd54924cd1a67.jpg', 'TÜRKÇE', ' 10,00', 31),
(117, 'Edebiyat-I Cedidiye''ye Dair Ali Ekrem''den Rıza Tevfik''e Bir Mektup', 'Okunduğunda da görüleceği gibi, bu ilginç mektup bütünüyle değilse bile büyük ölçüde Ali Ekrem''in 1890''lardan başlayarak 1910 yılına kadar Türk edebiyatının adeta kendi çevresinde oluştuğu ve bu dönemde kendisinin büyük ölçüde belirleyici bir rolü bulunduğu görüşüne dayanmaktadır. İlk okuduğumda beni şaşırtan bu mektuptan daha sonraki günlerde bazı hocalarımla mesai arkadaşlarıma da bahsederek, bunu hiçbir sansüre tabi tutmadan, olduğu gibi yayımlama konusundaki tereddütlerimi dile getirdim. Sonuçta çoğundan, ölümü üzerinden altmış yıla yakın bir zaman geçmiş bulunan Ali Ekrem''in, üstelik Türk edebiyatının belli bir dönemine ışık tutacak nitelikteki böyle bir mektubunun yayınlanmasında bir sakınca olamayacağı karşılığını alınca, gerekli notlar ve açıklamalarla mektubu yayına hazırlamaya başladım. ', 'KİTABEVİ', NULL, 60, '1997-12-31', 'full/008d7abda292d952a5d0b2eb5ec02da8c1bac523.jpg', '1. Baskı', ' 8,00', 11),
(118, 'Uygun Adım Siyaset', 'Postal sesleriyle değil, gazete manşetleriyle, ana haber bültenleriyle gelen postmodern darbe. Sermayeden siyasete, eğitimden uluslararası ilişkilere her alanda derin izler bırakan ve bugün de devam eden bu süreç nasıl başladı? Milli Askeri Strateji Konsepti''nin ana teması olan irtica ile mücadele uluslararası ilişkilerde neye karşılık geliyor? İsrail, ABD, İran, Suriye sürecin neresinde, nasıl "etkin" oldu? Org. Çevik Bir''in 28 Şubat''tan tam bir ay önce İsrail Savunma Bakanıyla Tel Aviv''de görüşmesi tesadüf müydü? Usta gazeteci Mustafa Karaalioğlu''nun kaleminden bir dönemin iç yüzü. Yaşadığı dönemin tarihini "derinden" okumak isteyenlere. ', 'KİTABEVİ', NULL, 61, '1999-12-31', 'full/28560eed9c5b2dd724837ccb359d0374efabf592.jpg', 'TÜRKÇE', ' 10,00', 31),
(119, 'Eski Harfli Çocuk Dergileri', '\r\n	Eski harfli çocuk dergileri, eğitim tarihi ve çocuk edebiyatı için olduğu kadar sosyal tarih çalışmaları için de çok önemli bir kaynak durumundadır. Bir dönemin siyasi ve sosyal yansımalarını bir kadın dergisinde, bir mizah ya da magazin dergisinde bulmak ne kadar tabii ise bir çocuk dergisinde bulmak da o kadar tabiidir. Dolayısiyle eski harfli çocuk dergileri tarih, sosyoloji, edebiyat, basın ve saire ile ilgilenen araştırıcılar için üzerinde durulması gereken, önemli bir kaynak niteliğindedir. ', 'KİTABEVİ', NULL, 62, '1999-12-31', 'full/f5b00b573562b1260520af361d59cf6d63957ba6.jpg', 'TÜRKÇE', ' 15,00', 29),
(120, 'Yahudi Davası ve Filistin', 'İşte böyle Filistin hesabına dört başı mamur bir fırsat İngilizlerle olan dostluk bağları haleldar olmasın diye Arap hükümdarlarıyla bazı ümeranın insafına terkedilmiş oldu. Savaş resmen durdurulmuştu. Fakat, herkes silahını muhafaza ediyordu. İngiltere Kraliyetini temsil edecek heyetin seçimiyle meşgul oladursun, ortaya yeni bir tez atıldı. Araplarla Yahudilerden müteşekkil müstakil bir Filistin Kraliyeti kurmak. Bu işe Emir Şerif Abdullah Bin El Hüseyin talipti. Baş namzet Hanedan-ı Al-I Osman''dan Şehzade Mahmud Şevket Efendi idi. O sıralarda Kahire''de ikamet eden bu genç şehzade, harice çıkan hanedan azası arasında en zekisi ve en hareketlisi idi. Bu teklife de bu kere Büyük Müftü rıza göstermedi.', 'KİTABEVİ', NULL, 63, '1991-12-31', 'full/0312d90a3b4aaea6b0ccb21afc26fc3dca9c0cb0.jpg', 'TÜRKÇE', ' 10,00', 49),
(121, 'El-Vesaiku''s-Siyasiyye Hz. Peygamber Döneminin Siyasi-İdari Belgeleri', 'Hz. Peygamber (s.a.) dönemi, hiç kuşkusuz, dünyanın siyasi, dini, ekonomik ve öteki alanlarla ilgili tarihinde önemli sonuçları bulunan bir dönemdir. Herhangi bir çağdaki siyasi durumu ancak bu dönemle ilgili tarihi belgelere başvurarak anlayabileceğimize göre, doğru bir biçimde anlayabilmek için Hz. Peygamber (s.a.) dönemiyle ilgili belgeleri bir araya getirmek zorunludur.', 'KİTABEVİ', NULL, 64, '1997-12-31', 'full/a1ce862bfcfc213f68589820664fcbe308d7a7c0.jpg', '1. Baskı', ' 18,00', 50),
(122, 'Ermeniler / Millet-i Sadıka''dan Hayk''ın Çocuklarına', 'Biz Ermeniler''e bakışımızda, genel hukukun bir kaidesi olan "suçların şahsiliği" prensibinden hareket ederek, geçmişteki hataların ancak ilgili şahısları bağladığını ifade ediyoruz. Ama burada, Ermenistan içinde ve dışında yaşayan bütün Ermeniler''e büyük görevler düşmektedir. Onlar, geçmişteki üzücü olayları yeniden yaşamamak için gençlerini uyarmalı, yeni yanlışlara düşmelerini önlemelidirler. ', 'KİTABEVİ', NULL, 65, '1999-05-31', 'full/182076cf62f9f9f28da5702a199fc7738d4477fb.jpg', 'TÜRKÇE', ' 10,00', 51),
(123, 'Türkendülüsiye ''Hilal Operasyonu''', '"Türkendülüsiye" Türkiye''nin yakın tarihi, sosyal-siyasi ve kültürel yapılanması konusunda çok sayıda çalışması bulunan D. Mehmet Doğan''ın yeni kitabı.', 'KİTABEVİ', NULL, 66, '1998-12-31', 'full/a817f1dcb75e438fad8a83814fd15835acb9155d.jpg', 'TÜRKÇE', ' 15,00', 31),
(124, 'Biraz Yakın Tarih Biraz Uzak Hurafe', 'Cevdet Paşa Tezakir''inde anlatıyor: "Ali Paşa vefat ettikte cenaze namazı Yeni Cami''de kılınıp Süleymaniye Camii''nde defn olundu. Lakin gariptir ki müezzinler birbirini yanlış anlamakla bir dürüst namaz kılınamadı. Hele camii şerif içindeki cemaat yoliyle cenaze namazını kılamadılar. Fakir dahi cami içinde idim. Cenaze kapısından çıkıp tezkiyede bulunmak üzere seğirttim. Kalabalık idi. Cenazenin yanına kadar varamadım. Yenikapı Mevlevihanesi şeyhi Osman Efendi üç defa "Bu zatı nasıl bilirsiniz" deyü sordu ve arada "Büyük bir zat idi, devlete çok güzel hizmetler etti" diyedurdu. Kimesne tarafından la (hayır) ve na''am (evet) bir cevap veremediler. Böyle tezkiyede süküti tam ile mukabele olunduğunu görmedik ve hiçbir tarihte vukuunu dahi işitmedik. Bir adamın beraber yaşadığı milleti içinde menfur olarak ahirete gitmesi akraba ve ahbabına ne mertebe müessir olacağı muhtacı beyan değildir. ', 'KİTABEVİ', NULL, 29, '1998-12-31', 'full/8ad58dc5019d0c132f5ed08e9f5456a8b70bbc66.jpg', 'TÜRKÇE', ' 7,00', 4),
(125, 'Kitabu''-l İ''tibar İbretler Kitabı', '\r\n	"Haçlılar dönemi müellifleri arasında çekici üslubuyla dikkat çeken bir sima daha görüyoruz: Üsame İbn Münkız! Üsame İbn Münkız''ın ayrıntılı, değerli ve güzel bir eser olan anılarına, Doğu''da bu alanda yazılmış tek kitap gözüyle bakabiliriz."', 'KİTABEVİ', NULL, 67, '2015-02-16', 'full/7b0ce1b49438631d6120119c6186677139e84ad2.jpg', '5. Baskı', ' 20,00', 10),
(126, 'Kanserden Korkma Modası Geçmiş Tedaviden Kork', 'Bu kitabı, eğer bir kanserli okuyorsa sağlıklı ve yaratıcı bir yaşam şansı kazanıyor demektir. Yok eğer, bir kanserli değilse bu tehlikeli hastalığa tutulmamak için gereken tüm bilgileri edinmiş olacaktır. ', 'ARMA YAYINLARI', NULL, 68, '2008-05-01', 'full/0b4e77fc7b6816af813f614ef4f2f33bc1d02a74.jpg', '2. Baskı', ' 12,50', 52),
(127, 'Kumarbaz', 'Oyun tutkusuna karsı bütün iradesini kullandığı halde bir turlu kendini bu canavarın pençesinden kurtaramayan iyi ruhlu bir insanin, bu yüzden tüm ahlak kurallarını nasıl çiğnediğini dile getiriyor. ', 'VARLIK YAYINLARI', NULL, 69, '2011-01-01', 'full/e2a5519b10d35a5ee2d573031fca05306b0a0e42.jpg', '14. Baskı', ' 15,00', 42),
(128, 'Açlık', 'Unlu bir yazar olma sevdasıyla yanıp tutuşurken, bir yandan da açlıkla pençelesen bir gencin gerçekten duygulandırıcı öyküsü olan bu kitap, dünya edebiyatının başyapıtları arasında anılmaktadır. ', 'VARLIK YAYINLARI', NULL, 70, '2013-12-01', 'full/79c4cb7ec12dfa9074a43a6cd29ec1cb4f29e110.jpg', '29. Baskı', ' 15,00', 42),
(129, 'Kızım Olmadan Asla', 'Kızıyla birlikte Tahran''da kocası tarafından tutsak edilen Amerikalı kadının, bu ülkeden kurtulmak için verdiği umutsuz savaşım... İbret alınması gereken bir belgesel... ', 'VARLIK YAYINLARI', NULL, 71, '2006-01-01', 'full/e2795e319c89bab43a22f7aed6886642b6332b30.jpg', '26. Baskı', ' 18,00', 42),
(130, 'Netoçka Nezvanova', 'İnsan yapısının derinliklerine girip kesifler yapmakta yalnız meslektaşlarını değil, psikologları bile gerilerde bırakan Dostoyevski`nin bu romanı Netocka`nin dramını etkileyici bir biçimde sergiliyor. ', 'VARLIK YAYINLARI', NULL, 69, '2000-09-06', 'full/5665e61ef434eca26823151bddd85d886c76c2ec.jpg', '1. Baskı', ' 10,00', 42),
(131, 'Kröyçer Sonat', 'Tolstoy, bu romanında ahlaki değerlere yeni bir bakış açısı sergiliyor. Durumları en ince ayrıntısına kadar inceleyen tavrı, romanın sanat değerini ortaya koyuyor. ', 'VARLIK YAYINLARI', NULL, 31, '2013-07-03', 'full/165e90422271be9cc7cf09a35be6794e7b0c23e6.jpg', '5. Baskı', ' 10,00', 42),
(132, 'Kodin', 'Dev yapısı ve zehir gibi gücüyle, çevresindekileri yıldırmış bir adamın, saf bir çocuğun temiz yüreğiyle karsılaşınca, içindeki bütün iyilik ve insanlık özlemini açığa vurusunun öyküsü. ', 'VARLIK YAYINLARI', NULL, 44, '2013-08-01', 'full/a3f1a9ef9eded9a281523bfd3b8ad6fec88ecadf.jpg', '12. Baskı', ' 12,00', 42),
(133, 'Hayat Bir Kervansaray', 'Almanya`da yasayan Ozdamar`in Almanca olarak yazdığı ve ''Ingeborg Bachmann 1991'' ve ''Walter Hasenclever 1992'' ödüllerini kazanmış olan bu roman aralıksız geçip giden tek tek imgelerden oluşan uzun bir yasam filmi. Yazar bu kişisel öyküsünü Türkiye`nin öyküsüyle birlikte dokumayı basarmış; her iki öykünün imgeleri de çoğunlukla fantastik, büyüsel... ', 'VARLIK YAYINLARI', NULL, 72, '2007-01-01', 'full/584e876451a3e17529b8c54bc37d34c31cf80198.jpg', '3. Baskı', ' 12,00', 24),
(134, 'Bir Sirk Geçiyor', 'Bir delikanlı, bir genç kız ve rastlantı sonucu bir karşılaşma. Delikanlı nereden geliyor? Önemli değil. Kız kim; saf biri mi, yoksa  karmaşık bir geçmişin ağırlığını mı taşıyor? Önemli değil. Delikanlıyı Paris’te bir entrikanın içine sürükleyip ortadan kaybolacak. Sirk geçer, belli belirsiz görünen ufuklar kapanır. Ama izleri sonuna kadar kalacaktır...', 'VARLIK YAYINLARI', NULL, 73, '2014-10-28', 'full/2ec8848d1d1a27c911179a9e26ea9ec55d6adba4.jpg', '2. Baskı', ' 15,00', 42),
(135, 'Ağlamayın Efendim', 'Orta yerde bir kent macerası, İşte böyle başlar.', 'NEHİR YAYINLARI - KELEPİR', NULL, 74, '1995-12-01', 'full/5a2e6708f76d38693cc3456fd5ca0fb823af3089.jpg', 'TÜRKÇE', ' 5,00', 25),
(136, 'İslami Hareketin Dinamikleri', 'İnsanlığın ilerlemesini veya gerilemesini belirleyen faktörlerin, büyük ölçüde, kuvvet merkezlerini ellerinde tutan ve toplumu yöneten kişilerin kafa yapılarına bağlı olduğu bir gerçektir. İnsanlığın, kendisini yönetenlerin gösterdiği yolda gitmek istemeyerek direnmesi neredeyse mümkün değildir. Keşke bütün bu liderler kuvvet kaynaklarını ellerinde tutmayı, onu istedikleri gibi kullanmayı, insanların davranışlarını ve kafalarını yontup şekillendirmeyi sadece hakikat aşkı için yapsaydılar. Çünkü onlar kişileri olduğu kadar, sosyal sistemleri ve ahlaki değerleri de etkileme gücüne sahiptirler. ', 'NEHİR YAYINLARI', NULL, 75, '1992-12-01', 'full/3ca2039a260e7d9d2d13218dfd1b2bce1ae0d47b.jpg', 'TÜRKÇE', ' 4,50', 53),
(137, 'Bilinç Işıklarını Yakmak', 'İslam, bize bir bütün olarak içerisinde yaşadığımız kainatın bilgisini verir. İnsani özün bütün zamanlar içerisindeki yürüyüşünü İslami hikmet yoluyla öğreniriz. Evrensel bütünlüğe ait bilgi/bilinç bütünlüğünü, bize iman/akıl bütünlüğü kazandırır. Aklın iman''dan vazgeçmesi nasıl insanlığın bir boşluğa düşmesine neden olursa, iman''ın akıl''dan vazgeçmesi de aynı şekilde insanlığı bir başka boşluğa mahkum eder. Allah''ın insana bahşettiği yetenekler hayatı yaşanmaya değer kılan yeteneklerdir. İnsan aklı ile insanın tüm yetenekleri arasında Vahiy yoluyla bir düzen sağlanır. Akıl, Allah''ın insana bahşettiği diğer yeteneklerle bütünleştiği takdirde gerçek anlamını bulur. İslam, geçmişte halkların yaşadığı tüm tecrübeleri her bakımdan çok önemli bulur, bu tecrübelerden dersler çıkarılmasını ister. Geçmişte yaşanan tecrübelerden gerekli dersleri çıkaramayan toplumlar, geçmişi tekrar etmek zorunda kalırlar.', 'NEHİR YAYINLARI', NULL, 76, '1994-09-01', 'full/77d8164ac14666d4b92f043ccc49899af338dcd1.jpg', '1. Baskı', ' 5,00', 2),
(138, 'Yeni Bir Tarih Şafağı', 'Dünya köyü içerisinde, bütün halklar iletişim endüstrisi kanalıyla, egemenlerin çıkarları doğrultusunda şekillendirilmiş bulunan kültür yapıları ile ilişkiye mecbur tutulmaktadır. Çağdaş halklar hem geleneksel yapıların içerisinde, hem de modern yapıların içerisinde gerçek hayatla ilgisi bulunmayan bir kültür olgusu ile karşı karşıya bulunmaktadırlar. Modern bilgi ve kültür endüstrisinin ideolojik sınırlarını aşabilmek için, Müslümanların anlam ve amaç bilgisini, anlam ve amaç ahlakını, anlam amaç bilincini köklü bir şekilde yeniden inşa etmeleri gerekir. Ahlaki, düşünsel, kültürel varoluş somut pratikler ister. Büyük umutlarla yürümek, büyük çabalar üretmekle mümkündür. ', 'NEHİR YAYINLARI', NULL, 76, '1992-12-01', 'full/42dd69411244b9d3eae177fc4dfcb9679a14cceb.jpg', '1. Baskı', ' 5,00', 2),
(139, 'Furkan Günleri', 'İslam, tarihin en zorlu ve en tehlikeli geçidinden geçmeye çalışmaktadır. İslam, büyük, çok büyük zorluklarla karşı karşıya bulunmaktadır. Böylesine ağır sorunlarla çevrili olduğu bir dönemde müslümanların bütün imkanlarını İslam''a ayırarak İslam''ı yalnızlığa terk etmemeleri gerekir. İslam''ı yalnızlığa ve unutulmuşluğa terk edenler, kendilerini yalnızlığa ve unutulmuşluğa mahkum etmektedirler.', 'NEHİR YAYINLARI', NULL, 76, '1990-12-01', 'full/5b833e12f765e37450469dd0d5b466f79c909df9.jpg', 'TÜRKÇE', ' 5,00', 2),
(140, 'Şark''ın Şiiri İran Sineması', 'Sinema, İran''ın modern bir dünyada dini bir yaşama tarzı oluşturma tecrübesi sırasında, sanatçıların kendilerini özgür hissettikleri bir estetik alan durumundadır. Bu alan, alimlerin de katılımıyla, modernlikle din arasındaki anlaşmazlık konularının ayrıntılı olarak tartışılmaya başlandığı bir zemine dönüştü. Sinema, düşünce özgürlüğünden siyasal ve kültürel kurumların yapısına, sansürün ölçülerinden sivil topluma, emri bil maruf nehyi anil münker''den hicaba varıncaya kadar bir dizi kurum ve kavramın tartışılmasının zemini oldu. Sinema ile ilgili sorular, İslam tarihinde kemikleşmiş bulunan, bilinç altında bastırılan ya da uyutulan, tartışma alanının dışına itilmiş tesettürün sınırları ve kadının kamusal alandaki yeri gibi konulardan, İslam tarihindeki ataerkil geleneklerin rolüne varıncaya kadar bir dizi tartışmayı gündeme taşımaktadır. Diğer taraftan sinemacıların soruları, ulemanın sinemaya yakınlaşmasını sağlamaktadır. Önemli dizi merkezlerde sinema artık kabul görüyor.', 'NEHİR YAYINLARI - KELEPİR', NULL, 77, '1998-09-01', 'full/3d08a555f02a49b7caabd67e0e7e52b6414cfbbd.jpg', '1. Baskı', ' 8,50', 54),
(141, 'Devrim ve Kadın', 'Modernizmin kuşatması altındaki bir dünyada kendini yeniden tanımlamak zorunda kalan müslüman kadın, ne olması ve ne yapması gerektiğine ilişkin birçok soruya cevap verme zaruretiyle yüz yüze gelmektedir. Modernist kültürün kadın konusunda müslümanlara yönelik baskısı, hayatının hemen her alanında müslüman kadının karşısına çıkmasıdır. Modernizmle din arasında süren çatışmada müslüman kadın, gerek görünümü gerekse kişiliğinin mihveri önemi sebebiyle ilk hedef haline gelen öznedir. İslam''a saldırmak isteyen her batılı, öncelikle İslam toplumunda kadının rolüne hücum eder. Bu çatışmada müslüman kadının öne çıkmasının ikinci bir nedeni, dini ölçüler olarak sunulan geleneksel veriler yüzünden onun modernizmle gelenek arasında kendisini yeniden tanımlama ihtiyacını hissetmesiyle ilgili olmaktadır. Tabiatıyla bu tanımlama ihtiyacı, müslüman kadının ait olduğu çevresi için de geçerlidir. ', 'NEHİR YAYINLARI - KELEPİR', NULL, 77, '1997-02-01', 'full/b69b2779087c0db42cf7dfdbdbd4d25f217c8936.jpg', '2. Baskı', ' 8,00', 55),
(142, 'İslam Bilim 1', 'Şeriati, eserine amaçladığı İslam-bilimin ne olduğunu açıklamakla başlar. Söz konusu ettiği bilimle yaygın kullanımda anlaşılan bilimin bir olmadığını, burada bilim derken daha çok tanıyış ve bilinci kastettiğini vurgular. Bunun ardından, inançların geometrik şekillerle ele alınmalarından söz eder. Bir inanç ya da ideoloji, geometrik şekil üzerinde anlatılıp açıklanabiliyorsa bu, o inanç ya da ideolojinin doğruluk ve mantıklılığının kanıtıdır, Şeriati''ye göre. Bu kitapta tarih bilinci, tarih felsefesi, toplumsal tevhit ve toplumsal şirk, ideal insan, toplumbilim, tevhidi dünya görüşü, altyapı ve üstyapı, ideoloji olarak İslam, varoluşçuluk, materyalizm, alinasyon, Marksizm gibi birçok önemli konu incelenip irdelenmiştir. Bu bakımdan kitap, bir başucu eseri niteliğindedir. ', 'NEHİR YAYINLARI', NULL, 78, '1992-12-01', 'full/7d43565d79af93dc704e4ddd50cfdd638cfcd712.jpg', '1. Baskı', ' 15,00', 30),
(143, 'Mahremiyetin Tükenişi', 'Kutsallıktan arındırılırken büyüsü çözülen bir dünyada günlük hayatımızın en özel ve kişisel özellikleri değiştirilme ve inkar edilme tehlikesine açılmıştır. Bireyin bütün mahremiyetinin, mensubu bulunduğu topluma bütün açıklığı ile gösterilmesi, toplum ve mahremiyet arasındaki dengenin bozulmasına neden olmuştur. Mahremiyetin yitimi, dinin ve ahlakın hakikatin bölgesinden sürgün edilmesiyle başlayarak süren anlam yitiminin nedenlerinden biridir. Mahremiyeti biz, bireyin kendini tanıması ve varlığını sürdürmesi, sahibi bulunduğu yetenekleri ve hassaları yerli yerince kullanabilmesi ve bunları geliştirebilmesi için fiziki ve manevi planda gerekli asgari sınırların korunması olarak tanımlayabiliriz. Tabiatıyla bu gerekli asgari sınır kültürden kültüre farklılık gösterebilir. Bizim açımızdan bu sınırlar insanın kendi iyiliği için vahiyle kontrol edilir, yeniden tanımlanır ve adlandırılır. Modernlik bu sınırlara dini dışlayarak "akıl adına" müdahale ederken, mahremiyetle ilgili olan giysi, aile ve özellikle de kadın erkek ilişkilerindeki değişmeler, mahremiyetin tükenişiyle; derken, mahremiyete duyulan gizli-açık ihtiyaç nedeniyle, mahremiyete ilişkin imgelerin ve sembollerin metalaştırılarak tüketilmesi ile neticelenmiştir. Mahremiyetin tükenişi ise, sanatsal alanlarda ifadesini bulduğu üzere, gizem özlemini doğurmuştur. Dünyevileşme ve mahremiyetin yitimiyle aşk da anlam kaybına uğramıştır. ', 'NEHİR YAYINLARI - KELEPİR', NULL, 77, '1995-09-01', 'full/64c55c998a1eb98f87279d89382bac6f80194a76.jpg', 'TÜRKÇE', ' 8,00', 28),
(144, 'Son Büyülü Günler', '"Ola ki büyü yoktu da kitaplarla büyülenmiş, daha görmeyi gereğince öğrenememiş bakışlar vardı, hastalıklı ve çocuksuluğa zorunlu, büyümeyi beceremeyen türde okurların bakışları.', 'NEHİR YAYINLARI - KELEPİR', NULL, 77, '1995-02-01', 'full/72afd813946b774834c53792713bb0a7d316831e.jpg', '1. Baskı', ' 5,50', 25),
(145, 'Üç İhtilal Çocuğu', 'Unuttuklarımı hatırlamak gittikçe zorlaşıyor. Bazı şeyleri sürekli tekrar etmek, hatırlayıp anmak gerek. Biliyorum, kimse bir on sene önceki yerinde olmak zorunda değil. Ama hala içeride olanlar, kaçaklar, yurduna hasret yaşayanlar var. Geçmişine lanet okuyanlar, geçmişini müzayedeye çıkaranlar da var. Kimisi de, duyuyorum, para kazanmakta konum sahibi olmakta geç kalmak yüzünden küsmüş geçmişine.', 'NEHİR YAYINLARI - KELEPİR', NULL, 77, '1992-12-01', 'full/5069748cb8f7b7f692788de80134bafd558c7321.jpg', '3. Baskı', ' 6,00', 28),
(146, 'Tesettür ve Toplum', 'Elinizdeki kitap, birkaç yıl önce başörtüsü yasağının yoğun olarak gündemde olduğu, pek çok öğrencinin okullarından ayrılmak zorunda kaldığı 90''lı yıllarda başörtülü öğrencilerin kişisel trajedilerini ele alan bir çalışma şeklinde tasarlandı.', 'NEHİR YAYINLARI - KELEPİR', NULL, 77, '1992-12-01', 'full/1c805fc0a5657d738b4eac27e263ce4a31fdb083.jpg', '1. Baskı', ' 8,00', 55),
(147, 'İslam İnancının Temelleri Akaid', 'Yayınevimiz "İslam İnancının Temelleri AKAİD" kitabının yeni baskısını sunmaktan büyük bir manevi haz duymaktadır.', 'BAYRAK YAYINLARI', NULL, 79, '2011-04-01', 'full/3f1ffa1e7ddecb15475c742b307e3848869e87dc.jpg', '23. Baskı', ' 8,64', 56),
(148, 'Tanrıların Arabaları', '\r\n	Bütün dünyada olduğu gibi Türkiye`de de ulaşılması güç satış rakamlarına erişen Tanrıların Arabaları, ünlü araştırmacının gerçekten olay yaratan yapıtlar dizisinin ilki. ''On bin yıl öncesinin insanı için uzay yolculuğu bir sorun değil, bir gerçekti. Bunun kanıtı karanlık geçmişte tanrıların bıraktıkları ve bugün anlamını', 'VARLIK YAYINLARI', NULL, 80, '2011-07-01', 'full/6a754ef3f71e5d722f88c6a2f5f710c20ad5f394.jpg', '77. Baskı', ' 12,00', 57),
(149, 'Konularına Göre Kur''an-ı Kerim Fihristi (İthal Kağıt)', 'Nevzat YÜKSEL1945 yılında Ordu''da doğdu.İlk öğrenimini Ordu''da bitirdi. Orta öğrenimini Tokat''ta, Lise öğrenimini de Yozgat''ta tamamladı. 1969 yılında Konya Yüksek İslam Enstitüsü''nü bitirdikten sonra, Ordu İmam Hatip Lisesi''nde Meslek Dersleri Öğretmenliği, Giresun Merkez Ortaokulun''nda Din Bilgisi Öğretmenliği, Giresun Endüstri Meslek Lisesi''nde Giresun Eğitim Enstitüsü''nde ve Samsun Mithatpaşa Lisesi''nde Din Bilgisi Öğretmenliği ve İdarecilik yaptı.Temmuz 1993''den itibaren emekli oldu.Basılmış Eserleri:1- Konularına Göre Kur''an-ı Kerim Fihristi(2082 sayılı Tebliğler Dergisinde kaynak kitap olarak tavsiye edildi)2- Türkiye''de Gençlik Sorunları ve Çözüm Yollan3- Ayet ve Hadislerle Temel Dini Bilgiler(2354 sayılı Tebliğler Dergisi Ek s. 45''de tavsiye edildi) ', 'BAYRAK YAYINLARI', NULL, 81, '2000-09-06', 'full/7d4af39a84552784f519eae14e99a3d7b0e9d309.jpg', '10. Baskı', ' 16,20', 58),
(150, 'Kıbrıs''in Bedeli', 'Kıbrıs''a ağzı sulananlar var. ', 'BAYRAK YAYINLARI', NULL, 82, '1996-06-01', 'full/88af857807174f557c52d01f6c11c2a5776fecfd.jpg', '1. Baskı', ' 5,40', 31),
(151, 'Temel Dini Bilgiler', ' ', 'BAYRAK YAYINLARI', NULL, 81, '2007-01-01', 'full/7bf5be6dcc50d2ea508e61b5b6dd293da6fbdfda.jpg', '7. Baskı', ' 8,64', 59),
(152, 'Ficciones Hayaller ve Hikayeler', 'Borges okumaya başlamak için en iyi eser olarak kabul edilen Ficciones, yazarın en sevilen kısa hikâye derlemelerinden biridir. ', 'İLETİŞİM YAYINLARI', NULL, 83, '2013-11-27', 'full/4a7596bbda52f165e3e157359974349a528a94cf.jpg', '9. Baskı', ' 15,50', 60),
(153, 'Alef', 'Borges Alef’te düş ile gerçek, eski ile yeni, Batı ile Doğu arasındaki ikiliklerde gidip gelen bir zenginliğin anlatısını sunuyor. ', 'İLETİŞİM YAYINLARI', NULL, 83, '2013-12-05', 'full/691784cefb5caf3add1e35e7d60298199d1b7a7c.jpg', '11. Baskı', ' 15,50', 60),
(154, 'Kitabın Aynasındaki Adam', 'Borges bir merak oyununu isteyer ya da istemeyerek, hep canlı tutmuştu. Belki, okurların önünde bir kurgu alanı açmak istemişti. Evet, bir oyuna dünöşen merak. Borges aslında kimdir, nasıl biridir, nelerden ve kimlerden etkilenmiştir, yazı serüveni uzun hayatına nasıl yayılmıştır: Kitabın Aynasındaki Adam bu sorulara net cevaplar veriyor: İngiliz araştırmacı James Woodall dan ayrıntılı bir biyografi... ', 'İLETİŞİM YAYINLARI', NULL, 84, '1997-01-01', 'full/2fb31275a93cfb47e47241745aeb42d903f01245.jpg', '9754706086', ' 27,50', 27),
(155, 'Genç Bir Kız', 'Türkiye''de önce Ayrılmakla tanınan Dan Franck, Genç Bir Kızda da kamerasını yine çağımızın kadın erkek ilişkilerine yöneltiyor. Kurguyu yine kamera hareketlerinin üzerine oturtuyor. Zamanda geri dönüşler ileri gidişler kesme yapıştırmalar sallantılı tren yolculukların Luca ve Annanın Leningrad ile Paris arasında kırılmış aşklarının hikayesi, Rusya Avrupa ekseninde son otuz kırk yıl içinde yaşananlardan da kesitler içeriyor. ', 'İLETİŞİM YAYINLARI', NULL, 85, '1995-01-01', 'full/ac9df7ef8aaba8c90885e3f6300b12d5f89b9b3b.jpg', '9754704389', ' 14,50', 42),
(156, 'Aden', 'Bilimkurgunun önemli ismi, Solarisin yazırı Stanislaw Lemden teknolojiye ve iletişime dair felsefi sorularla dolu fantastik bir roman. ', 'İLETİŞİM YAYINLARI', NULL, 86, '2014-03-26', 'full/a80c509591d5bc471e5d96ad36e5aa6e6eb55365.jpg', '2. Baskı', ' 20,50', 57),
(157, 'Solaris', '\r\n	20. yüzyıl bilimkurgu edebiyatının başyapıtlarından sayılan Solaris, insanlığın bilimle ve başka gezegenlerle ilişkisini ele alıyor.', 'İLETİŞİM YAYINLARI', NULL, 86, '2015-02-01', 'full/68405b871d586c5c284e7473c4e3465151c68b7a.jpg', '8. Baskı', ' 19,50', 57),
(158, 'Maurice', 'Forsterin 1914de yazıp ancak ölümünden sonra yayımlanmasına izin verdiği kitap yazarın sıradışı bir romanı. İngiliz orta sınıfından, varlıklı bir gencin eşcinselliğini keşfetmesinin uzun ve zorlu hikayesi. Foster, aşkın elbette normlar dışında da varolabileceğini gösterirken, böyle bir aşkı sadece ahlak dışı değil gerçekdışı saymaya kadar vardıran bir toplum düzenini de yargılıyor. Cinselliğe farklı bir gözle bakan gördüğünü yüksek sesle söylemekten çekinmeyen ilk edebiyat eserlerinden alanında bir klasik. ', 'İLETİŞİM YAYINLARI', NULL, 87, '2000-01-01', 'full/9682c1fc5faecc1a587f404261bcb92228e27f04.jpg', '2. Baskı', ' 18,00', 42),
(159, 'Yarın Dündür', 'Daha önce Usulca adlı romanıyla tanıdığımız Laclavatine bu sefen onbinlerce yıl önce Lascaux mağarasının duvarına av resimleri çizen insanlarla günümüzün acımasız kapitalist rekabet koşullarıyla boğuşan insanlar arasında ne fark var, sorusunu irdeliyor. Üstelik bu sorunun cevabını geniş zamanlı bir edebiyat kurgusunun yordamıyla arıyor. Ama cinsellik, doğum, ölüm, pişmanlık, şiddet gibi konuları gözardı etmeden. ', 'İLETİŞİM YAYINLARI', NULL, 88, '1998-12-31', 'full/0b311a5925b566f2f0049dc90b6bfd95842414fe.jpg', '1. Baskı', ' 15,20', 42),
(160, 'Kılık Kıyafet ve İktidar 1', 'Türkiye''de yaşanan son başörtüsü yasakları ve bunlara bağlı gelişmeler geleceğinin tarihi açısından oldukça anlamlı bir yere sahiptir. Bu tesettür, müslüman toplumların geri kalışları için sürekli gerekçe diye öne sürülen, kadınları tutsak hale getiren, batıcılar için müslüman toplumlardaki "ilkelliğin ve taassubun" sorumlusu sayılan örtünme kuralı değil miydi? Öyleyse nasıl oluyor da kendilerine batılı anlamda serbest, özgür ve modern olma alternatifi sunulmuş okuyan-yazan genç hanımlar tesettür uğruna, okullarından veya işyerlerinden olmayı göze alacak kadar mücadele ediyorlardı? İslamî kılık-kıyafetin müslüman toplumlarda yeniden söz geçirir oluşu batılıların hangi hedeflerine zarar veriyordu da, konuyu her fırsatta gündeme getiriyorlardı? Bu soruların cevabını yakalamak batı için elbette önemliydi, fakat asıl bizim için önemliydi.', 'NEHİR YAYINLARI - KELEPİR', NULL, 77, '1991-12-01', 'full/bf19f7ccfa56888c185579b58953837ca3c8739d.jpg', 'TÜRKÇE', ' 5,50', 55),
(161, 'Kusursuz Kadınlar', 'Mildred, 1950lerin İngiliz değerleri içinde bir kusursuz kadın 40 ına merdiven dayamış, bekar, rahip kızı ve sosyal faaliyetlere meraklı. Romanı özgün kılan ise, Mildredın kendince bilgeliğine eşlik eden yalnızlığı ve güvensizliği, yani bir tür modern ezikliğin yansıması. Barbara Pym kimi edebiyat çevrelerince çağdaş Jane Austen olarak ilan edilmiş kadri bilinmeyen önemli bir yazar. ', 'İLETİŞİM YAYINLARI', NULL, 89, '1998-12-31', 'full/dc5dd71574d17f9681041f931d7feaf23e39c61f.jpg', '9754700169', ' 17,50', 42),
(162, 'Tutanak', '“Tutanak, Fransa’da edebiyatın eleştiriye yöneldiği, kendi üstüne döndüğü, kendini görmek için baktığı aynalarda kaybolduğu bir dönemde, 1963 yılında yayımlandı. Le Clézio “dünyanın yeni bir hikâyesi”ni anlatıyor, kahramanı Adam Pollo yeni bir gerçekliği yaşıyordu. Pollo, başkalarınca belirlenmiş, istendiğinde askıya alınabilen bir zaman ve uzam sürecine sürükleniyor; canlanan, alevlenen, dayanılmaz parlaklığa ulaşıp enerjiye dönüşen maddelerden sarhoş oluyordu. Uyumsuz, biçimsiz bedenini o köşeli, ışıklı, geometrik maddeler arasına yerleştirmek, uyum’u yakalamak için insanlığın sorgulamadan kullandığı bütün düşünce ve sistemlerini deniyordu. Anlattığı hikâyeyle sanki tarihten öç alıyor, aynı zamanda modernizmin sancılarını da dile getiriyordu. Ama değişik bir anlatım, değişik bir yazı tarzıyla... Ne geçmişi ne de geleceği olan Adam Pollo’nun iç dünyasında olup biten bütün duygu sarsıntılarını hassas bir sismografik aygıt gibi ölçen, telaşlı ama doğal bir yazı. Modernizmi yetkinleştiren, dünyanın bireysel bilinçte yaşadığı depremi kayda geçiren bir yazı ve akıp giden bir hikâye, Tutanak.', 'İLETİŞİM YAYINLARI', NULL, 90, '2008-10-28', 'full/7dfa35c25930f6b6b16c979898a2a83e5666892b.jpg', '9754705379', ' 19,20', 42),
(163, 'Uçurumun Kıyısında', 'Günümüz Avusturya edebiyatıın önemli isimlerinden Gerhard Rothun Türkçedeki ilk kitabı Uçurumun Kıyısında rastlantı ve zorunluluk üzerine bir deneme ya da iktidar ve adalete değinen bir polisiye. Üç adam ceza yasalarıyla tanımlanabilecek bir suç bulunmadığını düşünen bir sorgu yargıcı, adalete hiç inanmadığı için hukuk öğrenimi gören bir katil ve normal ilişkilerden korunmaya çalışan bir gönüllü sürgün. ', 'İLETİŞİM YAYINLARI', NULL, 91, '1996-12-31', 'full/68b0fb8cb4bfdcc8f1bd24e1de3767dc20934a01.jpg', '1. Baskı', ' 4,00', 42),
(164, 'Bay Ahlakın Çöküşü', 'Çok roman, çok hikaye doğurmuş bir konunun dürüst memur geriliminin derinlikli, akıcı ve yeni bir versiyonu Bay Ahlakın Çöküşü. Hayatın attığı zarflara karşı direnmek, içi savaşlar yaşamak, yine dienmek, yenilgini yaklaşmasından korkmak, diğer yanda onurun dürtüklemelerinden rahatsızlık gurur karışımı bir şeyler duymak. Murat indirme bindirme yeri olup bekleme yapılamayan tercih noktasındadır. ', 'İLETİŞİM YAYINLARI', NULL, 92, '1995-12-31', 'full/6ab5d4c5aa201c2c79d47d9c33688e3f6c9f2ee3.jpg', '1. Baskı', ' 10,30', 42),
(165, 'Karga Karga Gak Dedi', 'Bu tanıdık ismi belli başlı ansiklopedilerde veya biyografi kitaplarında arayanlar boşuna emek sarf etmiş olacaklar. Böyle "resmi" tavırlı, "ciddi", kalın ve çok ciltli kitaplar için "meçhul bir şöhret" olan yazar, daha önce bir günlük gazetede yayımlanan "Kenar yazıları" başlığını seçerek kenarda kalmayı daha baştan kabul ettiğini ortaya koymuştur. Bununla birlikte Halil Kaleli''nin üzerinde durduğu konu ve kişiler hiç de o kalın ciltli kitapların meçhulü değildir. Yazarın bu kitabını, o kalın kitapları okuyanlara, okumak zorunda kalanlara ve bilhassa o kitapların verdiği bilgilere bel bağlayanlara tavsiye ediyoruz. "Karga Karga Gak Dedi" onların alfabesi olabilecek nitelikte. ', 'NEHİR YAYINLARI - KELEPİR', NULL, 93, '1998-04-01', 'full/2f7213f3735ac0ea6b838ab0953f82655f92a90f.jpg', 'TÜRKÇE', ' 4,50', 61),
(166, 'Kör Melek', 'Faslı yazar Tahar Ben Jelloundan bir mafya romanı Yer, mafyanın anayurdu İtalyada küçük bir köy. Başrolde, kocası cinayete kurban giden dul bir kadın ya da kendi korkularıyla kendi ahlaki çöküşünü hazırlayan bir toplum Kör Melek, gerçeği yalnızca gerçeği tüm boyutlarıyla belgesellerin, üstesinden gelemeyeceği bir derinlikle yansıtıyor. ', 'İLETİŞİM YAYINLARI', NULL, 92, '1996-12-31', 'full/d6d7a03e94ca3ef251a46960c7f6c69fcd4824e7.jpg', '1. Baskı', ' 4,00', 42),
(167, 'Geçkin Yaş Oyunları', 'Çağdaş İspanyol edebiyatının önemli isimlerinden Luis Landero, geçkin yaşta hayatına anlam kazandırmaya çalışanların öykülerini anlatıyor. Dümdüz hayat parçacıkları değil Landeronin anlattıkları. Hayal edenler hayal etmeyenler ve hayat etmeyi bilmeyenler. Ne yaptıklarını ne istediklerini neyi kaçırdıklarını neyi kovaladıklarını anlamı ileri yaşta düşünmeye başlayanlar. Geçkin yaş oyunları. ', 'İLETİŞİM YAYINLARI', NULL, 94, '1995-12-31', 'full/2cc1a48eb0e00e4ee5824a7513256ef704cc7b6e.jpg', '9754705065', ' 32,90', 42),
(168, 'Maçka Silahhanesi Hatıraları', 'İstiklâl Harbi Kahramanları', 'NEHİR YAYINLARI - KELEPİR', NULL, 95, '1991-12-01', 'full/52bbfed15470bb75456ad402ff7c62be9ba386b7.jpg', 'TÜRKÇE', ' 4,50', 10),
(169, 'Gerillalar', 'Trinidadlı yazaer Naipauldan İngiltereye de göndermeler içeren bir Afrika romanı, belki bir dünya romanı, belki bireyin romanı, belki de bir üçlünün romanı. Söze döktüğü fikirlerin beyniyle, yüreğiyle değil modayla belirleyen şımarık, yarı aydın bir ingiliz kadın ülkesinde işkencelelerden, meşakkatli yollardan geçmiş, kitaplarıyla Batıda, ilgi uyandırmış eve dönerek mücadelesini sürdürmek isteyen Güney Afrikalı bir devrimci, Afrikanın yüksek tansıyonunu kişiliğinde somutlaştıran bir Çinli Afrikalı, ', 'İLETİŞİM YAYINLARI', NULL, 96, '1997-12-31', 'full/0ff7906cc2865f04a7e720d8f70ed230b002a80e.jpg', '1. Baskı', ' 5,00', 42),
(170, 'Taklitçiler', '\r\n	V.S. Naipaul kimi eleştirmenlere göre bu yüzyılın en önemli romancılardan Trinidadda doğup bsüyümüş bir İngiliz Yurtdışı olan Naipaul, konularını çoğunlukla sömürgeleştirilen toplumların kalbinden çıkaran bir yazar. Naipaulun yazı seriveni bu kez bir şekerkamışı cumhuriyetine uzanıyor. Yurtsever bir eski sömürge politikacısının karşılaştığı zorluklar yaşadığı hayalkırıklıkları üzerinden emperyalizm kaynakları yerel bir dram bulacaksınız ', 'İLETİŞİM YAYINLARI', NULL, 96, '1998-12-31', 'full/9efe57fddb80c5c100563ca9622e4ab783ee89d3.jpg', '1. Baskı', ' 5,00', 42),
(171, 'Akan Su Gibi', 'Marguerite Yourcenardan birbirini tamamlayan üç bağımsız hikaye Anna, kızkardeşim onaltıncı yüzyılın sonunda Avrupanın güneyinde yaşayan bir aristorkat ailenin gerilimlerini, iki kardeşin enseste kadar uzanan aşkını anlatıyor... Güzel bir sabah bir tiyatro topluluğunun oyunların, oyuncuların, oyunlarla içiçe geçmiş hayatların izini sürüyor. Karanlık bir adam ise, Nathanaelin hikayesi. Rakamlarla tanımlanmış bir tarihte musahhihlikten uşaklığa, oradan da ıssız bir adaya sıçrayan serüveniyle, Nathanael. ', 'İLETİŞİM YAYINLARI', NULL, 97, '1997-10-30', 'full/4a08f79c48c5c25fd59deb8eb73e8e85891768e7.jpg', '1. Baskı', ' 5,00', 60),
(172, 'Prozac Toplumu', 'Prozac, ABD den tüm dünyaya yayılarak milyonlarca insanın sığınağı olmuş bir antidepresan. Wurtzel, Prozac Toplumu''nda çocukluğundan üniversite yıllarına depresyonla yaşadığı birlikteliği anlatıyor. Parçalanmış bir  ailenin harika çocuğu ilk aşklar hayalkırıklıkları başarılarla çöküşlerin içice geçtiği günler terapistler, diğer ilaçlar ve Prozaclı hayat. Hem deneyimli bir depresifin yaşantısı üzerinden bilgilenmek için hem de roman niyetine okunabilecek bir kitap. ', 'İLETİŞİM YAYINLARI', NULL, 98, '2005-01-01', 'full/c72fa038e395c4bef7dfde39c3d23eba1d633445.jpg', '9754706185', ' 26,00', 42);
INSERT INTO `books` (`bid`, `title`, `summary`, `yayinevi`, `shop`, `aid`, `year`, `img`, `language`, `price`, `gid`) VALUES
(173, 'Marx''ların Öyküsü', 'Karl Marx ölmemiş olsaydı, Marx Ailesinin tarihi bugün yaşanıyor ve yazılıyor olsaydı. Juan Gaytisolo bu varsayım üzerinden kurguladığı romanında yakın tarihi, sosyalizmin çöküşü olarak adlandırılan süreci, Marx ailesinin tarihiyle çakıştırarak aktarıyor. Gaytisolonun ironik dilinin de yardımıyla çok şey anlatan ''Anlatılan bizim hikayemiz mi'' sorusunu sorduran bir roman. ', 'İLETİŞİM YAYINLARI', NULL, 99, '1997-07-31', 'full/afe38d1fc29ff006c2b4aecce484102528654fc4.jpg', '1. Baskı', ' 18,90', 42),
(174, 'Dumas Kulübü', 'Dumas Kulübü, postmodern bir polisiye olarak tanımlanabilir. Reverte, bir kitap avcısının kiraladığı hafiye Corsonun gözünden yazar yayıncılık kitap koleksiyonculuğu dünyasını kurarken bir yandan da Lucifer efsanesiyle kitabı mistik bir çatının altına yerliştiriyor. Dumas Kulübü New York Times Book Review tarafından 1998 yılının Notoble Book listesine alındı. ', 'İLETİŞİM YAYINLARI', NULL, 100, '1998-12-31', 'full/96e90b5a7e1c929480aabcc4442fffcc244b8206.jpg', '1. Baskı', ' 23,00', 42),
(175, 'Kara Kumsal', 'Adı önemli olmayan bir ülke, adı önemli olmayan bir diktatörlük ve kumsalda bekleyen bir adam, Alberto Hapishanede ve sürgünde göçte ve geri dönüşte hep direnmiş, mücadele vermiş hafızasını da gelelceğe yönelik düşlerini de korumuş bir insan Hayat dışında, banliyösünde bile zor tahammül etmektedir, artık Albertolara yani sürgün kaçış ve arayış günlerinin parkurunda hüzünlü bir noktadır adı önemli olmayan ülkedeki kumsal. ', 'İLETİŞİM YAYINLARI', NULL, 101, '1996-01-01', 'full/b73c7bbe55c43c73ae364e9399aa8ba4cbb38e88.jpg', '1. Baskı', ' 3,00', 42),
(176, 'Umut', 'Umut, ünlü Fransız yazar André Malraux’nun neredeyse bütün dünya dillerine çevrilen bir başyapıtı. Yer İspanya; iç savaş bütün acımasızlığıyla sürmektedir. Yaşam ölümle sırt sırtadır. Madrid sokaklarında barikatlar bir kurulur, bir yıkılır. Silahlı milislerle dolu kamyonlardan yükselen Enternasyonal marşına, falanjistler tarafından kurşuna dizilenlerin çığlıkları eşlik eder. Malraux 1937’de yayımlanan Umut’ta, “devrim”i bir kavram olarak ve de İspanya’da geçen bir tragedya olarak sorgularken, iç savaştan yola çıkarak ayrıntılı bir faşizm tahlili de yapar. Bu eşsiz yapıt için söylenecek son söz de, Attilâ İlhan’ın güzel Türkçesi ve enfes önsözüyle yayımlanmış olması. ', 'İLETİŞİM YAYINLARI', NULL, 102, '2010-05-27', 'full/a7cfb0dafdcde87b5ac560d5fcdce86d0faabe0f.jpg', '2. Baskı', ' 32,50', 42),
(177, 'Karanlıkta Okumak', 'Karanlıkta Okumak, çocukluk korkularının düşlere, düşlerin gerçeğe dönüştüğü bir büyüme öyküsünü anlatıyor. Bir aileyi saran sırrın üstündeki perde masalsı öğelerle aralanırken geri değil paralel planda 40 ların 50 lerin Kuzey İrlanda IRA ve İngiliz yönetimi arasındaki çatışmalarına tanık oluyoruz. Lirik, hüzünlü, canlı bir anlatım, çocukluk ve büyüme üstüne usta işi bir eser. ', 'İLETİŞİM YAYINLARI', NULL, 103, '1998-01-01', 'full/98c7f4540c579e0d4a64bb4034a240d9d3f48097.jpg', '1. Baskı', ' 20,50', 42),
(178, 'Yedek Anahtar', 'Müzik piyasasında yer edinmek için büyük ümitlerle New Yorka gelen altı genç başarılı olmazlar, ama birbirlerinden de kopmazlar. Alice Ellis gününün birinde gruptan iki üyenin cesedini bulur. Ancak cinayetin işlendiği evin anahtarları envai çeşit insanın üzerinden çıkar. Jane Smileyin romanı sevgi, kıskaçlık, nefret gibi duyguları en mahrem sırları, bir cinayetin anatomisi çerçvesinde çözümleyen bir eser. ', 'İLETİŞİM YAYINLARI', NULL, 104, '1998-12-31', 'full/874fce5276388f7b81a75feba54877d115525ed9.jpg', '1. Baskı', ' 5,00', 42),
(179, 'Yarasalar', 'Birçok Avrupa diline çevrilen Yarasalar, Nazi döneminde yaşayan ve dünyayı kullağıyla algılayan tutkulu bir ses kaydetme uzmanının işini yaparken ve kimi zaman Nazi ruhundan irkilirken hayatını ve bu hayatın bir Nazi büyüğünün altı çocuğunun hayatıyla kesişmesinin roman. Yarasalar, Nazi dünyası üstüne, soykırım üstüne, 2. Dünya Savaşı üstüne, Almanyanın yakın tarihiyle hesaplaşması üstüne mükemmel bir anlatı. ', 'İLETİŞİM YAYINLARI', NULL, 105, '1998-12-31', 'full/068f2eea65aa83d504e79d4b68313873f510be1c.jpg', '1. Baskı', ' 17,00', 42),
(180, 'Evvel Zaman İçinde (Molla Kasım''in Not Defterinden: 1)', 'Bu kitaptaki büyük bir ekseriyeti daha evvel Zaman diye bir gazetede neşredilmişti. Hem hafıza-i beşer nisyan ile malul olduğu için, hem de aramıza yeni katılan genç okuyucuların sayısı ihmal edilemeyecek kadar çoğaldığı için, daha işin başında bir hususu açık seçik ortaya koymakta fayda var: Bizim sözünü ettiğimiz (Eski) Zaman gazetesinin, bugün aynı adla ortalıkta dolaşan "gazete" ile hiçbir benzerliği yoktu. Eski Zaman gazetesi, çok az sayıda basılan, çok az sayıda satılan, ama daha fazla okunan bir gazete idi. Hatta, o vakitler, Boğaziçi Üniversitesi''den bir grup araştırmacının ve Doğru Yol Partisi''nin vazifelendirdiği başka bir grup araştırmacının ayrı ayrı yaptıkları araştırmaların sonuçlarına göre, bizim zamanımızdaki Zaman gazetesinin, -Hürriyet ve Cumhuriyet gazetelerinden sonra- üniversite talebelerinin en fazla rağbet ettikleri üçüncü gazete olduğu anlaşılmıştı... ', 'NEHİR YAYINLARI - KELEPİR', NULL, 106, '1989-12-30', 'full/58b8e5640d07f95f69789d4bf6ff45708df8c7ba.jpg', '1. Baskı', ' 5,00', 61),
(181, 'Irmak', 'Bir varolma kavgasıdır yaşanan. Dul bir kadın. Acıklı bir hayat. Acılı bir ölüm. Zaten böyle yerlerde ölüm pusuda bekleyen vahşi bir sırtlan gibidir. Ölüm insanı alıp götürür kötülüklerin içinden. Öyle ki rahmet olur böyle ölümler.', 'NEHİR YAYINLARI - KELEPİR', NULL, 107, '1997-05-01', 'full/a789bb628fcc240e6ceab1dc1fa5d42f02bb1925.jpg', '1. Baskı', ' 3,00', 62),
(182, 'Okuyucu', 'Kırkı aşkın dile çevrilen ve sinemaya uyarlanan Okuyucu, 20. yüzyıl Alman edebiyatının en parlak romanlarından biri.', 'İLETİŞİM YAYINLARI', NULL, 108, '2014-10-28', 'full/a485683250ed66a6f9a1a9ea4dc04f27d5294880.jpg', '8. Baskı', ' 16,20', 42),
(183, 'Gordiyon Fiyongu', 'Geçtiğimiz Yıl yine iletişimden çıkan okuyucu romanıyla kendisine Türkiyede özel bir okur kitlesi edinen Bernard Schlinkin Türkçede ikinci romanı Gordiyan Fiyangu Her Şeyden önce mükemmel bir gerilim romanı diyebiliriz. Bu esere hayata tutunamanın krizi içindeyken aşık olan, derken kendini koploların içinde bulunan kahramanımızın Kafkaesck bir atmosferde battıkça batışının hikayesi ', 'İLETİŞİM YAYINLARI', NULL, 108, '1998-12-31', 'full/be0997298de9b525cb19fdef078d30f1ba8675b3.jpg', '1. Baskı', ' 18,00', 42),
(184, 'Çocuk, Hüzün Ve Ölüm', 'Sonradan öğrendim: Ecel ne bir dakika geç, ne de bir dakika erken davranır; ne şaşar, ne şaşırır. Allah ne zaman takdir etmişse ecel o zaman gelir, yerleşir üzerimize. Buna hiç kimse mani olamaz.', 'NEHİR YAYINLARI - KELEPİR', NULL, 107, '1997-05-01', 'full/eee7da233a4cba32ed8dd4f596a3082158226518.jpg', '1. Baskı', ' 3,00', 63),
(185, 'Düşlerin Kıyısına', 'Bütün zaman bir tren yolculuğudur.', 'NEHİR YAYINLARI', NULL, 107, '1997-05-01', 'full/249a419807f52034d6a888240aac9bce9735753a.jpg', '1. Baskı', ' 2,00', 62),
(186, 'Ay Bölündüğü Gece', 'Bu hikaye zulmün her türlüsüne maruz kalan dünya çocuklarına adanmıştır.', 'NEHİR YAYINLARI - KELEPİR', NULL, 107, '1997-05-01', 'full/eb14722f6aaa359f60267fcd8b5a902dc9e73c9c.jpg', '1. Baskı', ' 3,00', 29),
(187, 'Sessiz Ev', 'Biri tarihçi, biri devrimci, biri de zengin olmayı aklına koymuş üç torun babaannelerini ziyaret eder, dedelerinin yetmiş yıl önce sürgün edildiğinde yaptırdığı evde bir hafta kalırlar. Babaannenin anıları yavaş yavaş aralanırken dedenin Doğuyla Batı arasındaki uçurumu kapatacağını sandığı ansiklopediyi yazışı hatırlanır. Kuşaklar arasında köprüler kurarken, duvarların ötesinde de başkaları vardır. Orhan Pamuk''un ikinci romanı önemli sorular soran bir kitap... ', 'İLETİŞİM YAYINLARI', NULL, 109, '2012-09-01', 'full/701f2dfac572763fb9486505f397e31ecc2c5ed1.jpg', '35. Baskı', ' 24,00', 24),
(188, 'Yeni Hayat', 'Bir gün bir kitap okudum ve bütün hayatım değişti. Kitaplar ve onların hayatınızı değiştiren sihirli etkileriyle ilgili bir roman. Okuduğu kitaptan fışkıran ışığa bütün hayatını veren, kitabın vaad ettiği  yeni hayatın peşinden koşan kahraman bir yandan Hayat''ın, Eşsiz Anılar''ın, Ölüm''ün, Yazı''nın, Kaza''nın sırlarına, bir yandan da çocukluğa, resimli romanlara, bir meleğin görünüp kayboluşuna, Dante''ye, Rilke''ye açılan kapılardan geçip başka hayata girer. ', 'İLETİŞİM YAYINLARI', NULL, 109, '2012-09-01', 'full/2f90ee18eeb9da1ecb75619f85144898c8a15d38.jpg', '75. Baskı', ' 22,50', 24),
(189, 'Beyaz Kale', '17. Yüzyılda Türk korsanlarınca tutsak edilen, astronomiden, fizikten ve resimden anladığına inanan bir Venedikli köle... Aynı ilgileri paylaşan, Batı bilimini öğrenmek isteyen bir Türk efendi aralarında garip bir benzerlik bulunan bu iki insanını hikayeleri ve serüvenleri onları veba salgının kol gezdiği İstanbul sokaklarına Çocuk Sultanın düşsel dünyasına inanılmaz bir silahın yapımına, ben neden benim? Sorusuna götürecektir. ', 'İLETİŞİM YAYINLARI', NULL, 109, '2012-11-01', 'full/0f6c0e555821210f9f53ddf810edd852c776be46.jpg', '39. Baskı', ' 19,00', 24),
(190, 'Kimsesiz Adam', 'Kemalettin Tuğcu, bu ülkenin evini, sokağını, mahallesini, köyünü, kasabasını, şehrini yazarak insanımızla birlikte yaşamayı başarmıştır. Romanlarının hemen hepsinde acı çeken kahramanları ile acı çeker, küçük mutluluklarını paylaşmaktan kendinizi alamazsınız. Okuru ile özdeşleşebilen çok az sayıda yazar vardır. Dört yüzün üzerinde romanı ile adını her yaştan okurun gülümseyerek andığı bu yazarımızın on kitabını okurlarımıza sunuyoruz. ', 'NEHİR YAYINLARI', NULL, 110, '1996-10-01', 'full/4bffc51b45c4d63632d6cde0a25af6baea157bb4.jpg', '1. Baskı', ' 3,50', 64),
(191, 'Kara Kitap', 'Galip, çocukluk aşkı, arkadaşı, amcasının kızı, sevgilisi ve kayıp karısı Rüyayı karlı bir kış günü İstanbul da aramaya başlar. Okuyucu, bir esrarlı alemin işaretleriyle dolu İstanbul''da Galip''in araştırmalarını ve karşılaştığı kişileri izlerken, bir yandan da bu araştırmaları değişik işaretler ve tuhaf hikayelerle tamamlayan köşe yazarı Celalin satırlarıyla karşılaşır. Bu araştırma Galip''i hem rüyaya hem de hayatımızın içine gömüldüğü kayıp esrara doğru çekecektir. ', 'İLETİŞİM YAYINLARI', NULL, 109, '2013-04-12', 'full/014d3b67e6fabe545e0ccc71e7c81c9ebcd3213c.jpg', '39. Baskı', ' 27,00', 24),
(192, 'İçler Acısı', 'Kemalettin Tuğcu, bu ülkenin evini, sokağını, mahallesini, köyünü, kasabasını, şehrini yazarak insanımızla birlikte yaşamayı başarmıştır. Romanlarının hemen hepsinde acı çeken kahramanları ile acı çeker, küçük mutluluklarını paylaşmaktan kendinizi alamazsınız. Okuru ile özdeşleşebilen çok az sayıda yazar vardır. Dört yüzün üzerinde romanı ile adını her yaştan okurun gülümseyerek andığı bu yazarımızın on kitabını okurlarımıza sunuyoruz. ', 'NEHİR YAYINLARI', NULL, 110, '1996-10-01', 'full/616feb47f81d198018eb712ce51f8f15b4bdee39.jpg', '1. Baskı', ' 3,50', 64),
(193, 'Nebevi Hareket Metodu (Teori Ve Pratik) 2 Cilt', '...Nebevi hareket metodundan kastedilen, Rasülullah''ın, (s.a) kendisine peygamberliğin gelişinden Rabbinin huzuruna intikal edişine kadar geçen süre içerisinde, izlediği metoddur. Bizim de, pratikteki hareket metodumuzun İslami hükümler çerçevesinde ve sünnete uygun olabilmesi için, Rasülullah''ın (s.a) ortaya koyduğu bu metodun her merhalesini adım adım izlememiz gerekir......', 'NEHİR YAYINLARI', NULL, 111, '1998-03-01', 'full/0d9afa60f4bb41a4dcbf7f0dd3e04ea4b96655c4.jpg', '5. Baskı', ' 35,00', 30),
(194, 'Cevdet Bey ve Oğulları', 'Abdülhamit''in son yıllarında küçük dükkan sahibi ilk Müslüman tüccarlardan Cevdet Bey''in ve oğullarının yüzyıl başından günümüze uzanan üç kuşaklık hikayesi, bir anlamda, Türkiye Cumhuriyeti''nin özel hayatının da hikayesidir. Nişantaşlı bir ailenin serüvenleri üzerinden ev içleri, yeni apartman hayatı , Batılılaşan büyük aileleler, Beyoğlu''na çıkıp alışveriş etmeler, radyo dinlenen Pazar öğleden sonraları... ', 'İLETİŞİM YAYINLARI', NULL, 109, '2012-11-01', 'full/084f7809b96fa7c7d0c5216c3990ed3798c21a50.jpg', '27. Baskı', ' 33,50', 24),
(195, 'Gizli Yüz', 'Türk sinemasının sıra dışı filmlerinden birinin, Gizli Yüzünün senaryosu. Orhan Pamuk''la yönetmen Ömer Kavurun birlikte kurguladıkları Orhan Pamuk''un istediği gibi yazdığı hikaye. Daha doğrusu, kadının hikayesiyle adamın hikayesinden saat yönündeki bir üçüncü hikayeye doğru akan ilginç bir kurgu ... Bir film senaryosunun diyalog ve monologlarla okumalık hale gelen yüzü. ', 'İLETİŞİM YAYINLARI', NULL, 109, '2006-01-01', 'full/95c8e7b0181cd71c80b87c3e8a6993696a3ae69c.jpg', '9. Baskı', ' 17,00', 65),
(196, 'Kara Kitap Üzerine Yazılar', 'Çağdaş Türkçe edebiyatının en çok tartışılmış romanlarından Kara Kitap üzerine, Türkiye''de ve kitabın yayınladığı diğer ülkelerde kaleme alınmış olumlu olumsuz eleştirilerden, inceleme yazılardan oluşan bir derleme. Zaten pek güçlü olmayan eleştiri geleneğimizin tanıtımcılık karşısında iyice sindiği bir dönem için istisnai nitelik taşıyan otuz yazı otuz imza. ', 'İLETİŞİM YAYINLARI', NULL, 112, '2013-01-01', 'full/664c19db3bb329260e12aab492d2f340c0e9a663.jpg', '3. Baskı', ' 24,30', 11),
(197, 'Uzunharmanlar''da Bir Davetsiz Misafir', 'Uzunharmanlar mahallesinde bir bekar evi kiralayan Musa daha ilk geceden dehşete düşer. Gaipten sesler gelmekte, odalar kendiliğinden aydınlanıp kararmaktadır. Burası bir perili evdir galiba! Ancak... Eğer hakikaten perili evse mutlaka iyilik perilerinin merkezidir. Çünkü gaipten yalnızca ses değil çörek, börek, turşu, çay, temiz çamaşır, hatta tamirci bile gelmektedir. Ne yapacağını bilemeyen Musa, bir yandan olan biteni anlamaya çalışırken öbür yandan mahalle halkıyla tanışır. Üç kuşaktan doğma büyüme Ankaralı "Erzurumlu Teyze" ve kahverengi horozu Rıza, ürkütücü ev sahibi Beyabi, komşunun koca bekleyen kızı Aylin, "baba adam" kaportacı Kirkor, 7 x 24 burun karıştırma kapasitesine sahip küçük Kemal, adı var kendi yok gizemli kadın Aspendos... Derken ortaya bir gizemli kadın daha çıkar ve Musa''nın kafası büsbütün karışır... Hentbol dünyasının ünlü isimlerinden, genç milli takım ve Ankaragücü teknik direktörü Sezgin Kaymaz''ın ilk kitabını sunuyoruz. Yer yer komik, baştan sona eğlendirici bir roman. ', 'İLETİŞİM YAYINLARI', NULL, 113, '2014-11-01', 'full/1b4464dd9f33f6634e9cb35adf9c2ac888f6f293.jpg', '10. Baskı', ' 20,80', 24),
(198, 'Tanzimattan Meşrutiyete - 2', 'Sultan Abdülaziz döneminden İkinci Meşrutiyet''in ilânına kadar devletin en önemli görevleri arasında bulunan Mâbeyn Başkâtipliği; Maârif, Maliye, Sadâret Mektubculukları; Şûra-yı Devlet üyeliği; Konya, Sivas ve Ankara valilikleri yaptıktan sonra 1895''de Dâhiliye Nâzırlığı''na getirilen ve on üç yıl bu görevi yürüten, 1908 inkılâbından sonra uzun bir sürgün hayatı yaşatan Memduh Paşa''nın hâtıralarının önemi meydandadır. Bu bakımdan yayınevimiz merhum Paşa''nın bütün eserlerini yeni nesillerin istifadesine sunmayı planlamış, ilk olarak da Mir''ât-ı Şuûnât''ı yayınlamıştı. Bu kitapta Paşa''nın üç esrini bir arada bulacaksınız. İnşallah bu külliyâtın üçüncü kitabında Memduh Paşa''nın diğer eserlerini sunacağız. ', 'NEHİR YAYINLARI - KELEPİR', NULL, 114, '1995-12-01', 'full/2dbcf28b78cced1e168c4ce2c90d27639f29ac2f.jpg', 'TÜRKÇE', ' 5,00', 23),
(199, 'Geber Anne', 'Sezgin Kaymaz''ın İletişimden yayımlanan ikinci kitabı Geber Anne her şeyden önce okurun sonunu merak ettiği, yani meraklı eser olarak tanımlanabilecek bir roman. İsmailoğlu ailesi mutlu bir hayat sürerken birdenbire her şeyin altüst olmasıyla gelişen ve karmaşık, komik, heyecanlı bir ritmde süre giden olaylar. Kaymazdan başarılı bir fantastik eğlence örneği daha. ', 'İLETİŞİM YAYINLARI', NULL, 113, '2011-01-01', 'full/0e076919403662a306dd835088288245a274aa5b.jpg', '8. Baskı', ' 25,00', 24),
(200, 'Zaman Yeli', '\r\n	“Geçmişi yeniden kuran” bir ütopya... İsyancılara karşı Selçuklu safında çarpışıp esir düşmüş kör askerle sağır kilise ressamının, Moğol istilası yıllarında Kapadokya’nın yeraltı âleminde dinleri, mezhepleri kaynaştıran bir ortaklaşmacı hayatın ortaya çıkışına varan macerası.', 'İLETİŞİM YAYINLARI-KELEPİR', NULL, 115, '2009-04-01', 'full/25efbdf50efc328e856e07ba09a3b618d406afd6.jpg', '4. Baskı', ' 13,00', 24),
(201, 'Ders Veren Türk Masalları', 'Halkımız konuşma sırasında küçük hikayecikler anlatır. Kıssa, mesel, masal, teselleme gibi adlarla anılan bu hikayecikler, batılıların fables dedikleri türden anlatılardır.', 'NEHİR YAYINLARI', NULL, 116, '1999-03-01', 'full/9d6cf625f055bd23867dbe39b33a8962faa954f1.jpg', '1. Baskı', ' 3,50', 66),
(202, 'Çizgili Sarı Defter', '\r\n	Çizgili Sarı Defter’de, Korat’ın ilk kitabı ve ilk romanı Zaman Yeli’ni okumuş olanlara hiç yabancı gelmeyecek bir atmosferden on kısa öykü var. Defterin sayfalarında, aklı meşgul edecek bir okuma yolculuğunun ritmiyle akan on öykü. “Artık özenle yazılar yazıp minyatürler çizdiğimiz tüm defterler sarardı, belki de ilk yazdığımız günlerden beri sarıydı. Şimdi madem ki eski defterleri karıştıracağız, karıştıralım. Alışkanlık bu ya, bir türlü geçmişe boş verip geleceğin düşünü kuramıyoruz.” ', 'İLETİŞİM YAYINLARI-KELEPİR', NULL, 115, '2011-07-06', 'full/030838bfc0a833c7040bd270899246cf12420b99.jpg', '2. Baskı', ' 12,00', 25),
(203, 'Ay Şarkısı', 'Eski solcuların romanı, Ay Şarkısı. Her anlamıyla: Eskiden beri solcu olanlar, solculuğu eskide bırakmış olanlar ve gündüz “businessman” gece “solcu sanat adamı” olanlar... Özal’ın “fazlasıyla münbit ve fleksibıl bir çocuk” sözleriyle övdüğü danışman-reklamcı Semih; yardımcısı, bir sonraki kuşaktan, zaman zaman gündüzleri de solcu Altan; yıllardır gazeteden başka hiçbir şey okumayan, restore ettiği bir tarihî Rum evinde oturan, eski muhbirlerden mimar Tuğrul; muhbirliğe devam eden akademisyen Cahit... ', 'İLETİŞİM YAYINLARI-KELEPİR', NULL, 115, '2011-07-14', 'full/d8f996f3eb78d13c9bd04a2965fc3105bfc86f09.jpg', '2. Baskı', ' 15,80', 24),
(204, 'Beyaz Kanatlı Kuş', 'Ayşe kadın, masa başında pergellerle, cetvellerle bir şeyler çizen orta yaşlı, kısa boylu, gözlüklü, çenesinin altı sakallı tombulca adama yaklaştı:', 'NEHİR YAYINLARI', NULL, 116, '1999-03-01', 'full/921e40527424baf8fb849e25260f58286a48058e.jpg', '1. Baskı', ' 3,50', 63),
(205, 'Bende Mahfuz Fotoğraflar', 'Her şeyin inanılmaz bir hızla değiştiği değerlerin sağa sola Doğunun Batıya, Güneydoğunun ateşe savrulduğu bir dönemden fotoğraflar, cins isim portreleri. Fonda kimi zaman bir Güneydoğu şehrinin sokakları, kimi zaman patlama seslerine alışmış dağlar, kimi zaman patlama seslerine alışmış dağlar, kimi zaman da İstanbul var. Kimin baş aktör, kimin figüran olduğu neyin ön planda neyin fonda durduğu hayli tartışmalı aslında. Geride bıraktığımız yıllar gibi. O yıların şöhretli ve sıradan cinsleri gibi. ', 'İLETİŞİM YAYINLARI', NULL, 117, '1997-12-31', 'full/e291bbe2ea95a1d20052e2a8825011b6ccf10fa9.jpg', '1. Baskı', ' 16,50', 67),
(206, 'Eyyüh''el Veled (Çocuklara Altın Öğütler)', 'Kültürlerin zenginliği kaynak kitaplarla ölçülür. Bu kitaplar toplumların geçmişinden geleceğine ışık tutarlar. Bizim de kültürümüzü yansıtan klasik eserlerimiz vardır. Her dönemde okunan bu klasik kitapların en önemlilerini seçerek çocuklar için yeniden hazırladık. Çocuklarımızın kültürel sembollerimizi okuyarak öğrenmelerinde katkımızın olmasını istedik. Klasiklerimiz Dizisi''ni okuyan çocuklarımızın büyüdüklerinde bu kitapları asıllarından okumaları en içten dileğimizdir. ', 'NEHİR YAYINLARI', NULL, 118, '1993-06-01', 'full/698ef2fcd74a8bfd38219003a6a1106a786e8a1a.jpg', '1. Baskı', ' 3,00', 29),
(207, 'Civciv Kutusu', 'Atilla Atalay''ın iletişimden çıkan ilk kitabı Civciv Kutusu ne ki çok daha acıklı öyküler anlattı zaman... Galeyanlar oldu. Linçler sonra. Herkes deli gibiydi. Evet evet, herkes delirmişti sonunda Hiçbir yerde yayımlanmamış öyküler, bambaşka bir öykü ve H.B.R. Maymunda yayımlanmış Sıdıkalar Atilla Atalay ile zamanın birlikte anlattıkları acıklı ve komik şeyler. ', 'İLETİŞİM YAYINLARI', NULL, 119, '2009-12-10', 'full/bf306f0e397c31970c420e031e10f1e2828f4e57.jpg', '10. Baskı', ' 17,50', 61),
(208, 'Sıdıka/ Öpücük Balığı Fabrıga', 'Bir Atilla Atalay kitabı, yani yalın derinlikli mizahi, hüzünlü, efendi ve fırlama bir kitap. Tam 48 Sıdıka beş ve uzun öykü Fabrıga Fabrıfa Karabük Demir Çelik Fabrikalarıdır ve Fabrıga bir Karabük emekçisinin Emiroğlu''nun hayat hikayesidir. Emiroğlu da fabrıgacık Atilla Atalay''ın dedesi yani yaşanmış bir hayat hikayesi. Ekonomik akla uygun olanla insani olanın giderek çeliştiği bir dönemin hem güncel hem uzun ömürlü değerlendirmesi. ', 'İLETİŞİM YAYINLARI', NULL, 119, '2008-07-31', 'full/c70c2348e10d807e6d895e5118eae52ffad591d1.jpg', '21. Baskı', ' 18,80', 61),
(209, 'Ebekulak', 'Ebekulak''da Hıbır ve H.B.R. Maymun dergilerinde yayımlanmış yazılar ile Sıdıkaların yanında, Atilla Atalay''ın harcı olan 17 hikaye var. Eski sevgilisinin ardından bakmamak için masa örtüsündeki kareleri saymaya başlayan çocuğun hikayesi gibi, Bid Bid Zelha''nın hikayesi gibi. Masal gibiydi. Ottan, kuştan, böcekten anlatıyordu. Taktakanlar Cırnık kuşları, üveyikler, ebekulaklar... Bi ara sigarasından derin bir nefes çekip Köylük yerde cüce olmak çok zor dedi. İlahi Zelha, sanki şehirlik yerde kolay... ', 'İLETİŞİM YAYINLARI', NULL, 119, '1998-12-31', 'full/9694de0e20ef79f58b153824e7f1c0af4ce9808d.jpg', '4. Baskı', ' 18,80', 61),
(210, 'Uyuyamadığım  Düş Kovalayan', 'Atilla Atalay''ın kondisyonu yüksek mizahından bir kitap daha. Üç yıl arayla yayımlanmış iki kitabın birleşmesinden oluşan Uyuyamadığım Düş Kovalayan Düş Kovalayanlık, borsa brokerliği know-how advisorluğu creatif menagerlik, disco-bar işletmeciliği, kanal sahipliği gibi günümüzün in mesleklerinden değil... Oldum olası out . Üstelik sosyal güvencesi filan da yok Düş diye kovaladığımız şey, bazen izi de önüne katıp kovalayan bir kabus çıkabiliyor. ', 'İLETİŞİM YAYINLARI', NULL, 119, '1999-12-31', 'full/2b2c7741c59886866f77cbfe559a77a08ed9277c.jpg', '3. Baskı', ' 22,60', 61),
(211, 'Menekşe İstasyonu', 'Atilla Atalay''ın H:B:R Maymun ve Öküz dergilerinde yayınlanmış yazılarından sıkı bir derleme .Sıdıka ''lar ve yine  düşkovalayan hikayeler İstasyonlar,trenler,otomobiller,cep telefonları,insanlar,kediler,köpekler,içip içip dağıtanlar,susup oturanlar,ayrılanlar, ayrılmayanlar ... ', 'İLETİŞİM YAYINLARI', NULL, 119, '1999-12-31', 'full/e6c34169fef87f9de3ccdfb0e059945b2166e6aa.jpg', '5. Baskı', ' 19,50', 61),
(212, 'Ceylanın Büyüttüğü Çocuk', 'Kültürlerin zenginliği kaynak kitaplarla ölçülür. Bu kitaplar toplumların geçmişinden geleceğine ışık tutarlar. Bizim de kültürümüzü yansıtan klasik eserlerimiz vardır. Her dönemde okunan bu klasik kitapların en önemlilerini seçerek çocuklar için yeniden hazırladık. Çocuklarımızın kültürel sembollerimizi okuyarak öğrenmelerinde katkımızın olmasını istedik. Klasiklerimiz Dizisi''ni okuyan çocuklarımızın büyüdüklerinde bu kitapları asıllarından okumaları en içten dileğimizdir. ', 'NEHİR YAYINLARI', NULL, 120, '1993-06-01', 'full/ee39b357d6c7ee5dafd819b2f858965d3f28bc8c.jpg', '1. Baskı', ' 3,00', 63),
(213, 'Yalnızlık Aletleri', 'H.B.R Maymun yazıları,Gazete Pazar yazıları. Sıdıka çeşitleri ve okurlara ilk olarak bu kitapta ulaşan  kısa hikayeler... Periler mi söyledi,ne oldu,nasıl akıl ettim,bilmiyorum,jelatini gevşetip,ateş böceğini gökyüzüne bıraktım. Ağlaması bıçak gibi kesildi. Bir süre gözleriyle ateş böceğini izledi,sonra bana baktı,burnu fındık dedim, güldü.... ', 'İLETİŞİM YAYINLARI', NULL, 119, '2008-07-31', 'full/15d889d3e9aa0bfab68531e15dd513d1524e74c1.jpg', '9. Baskı', ' 16,00', 61),
(214, 'Notlar/ Kitap Notları', 'Türkiye''nin seçkin yazarı Kemal Tahir''in geride bıraktığı notlar arasında, Kitap Notları ayrı bir yer alıyor.', 'BAĞLAM YAYINCILIK', NULL, 121, '1993-10-01', 'full/87509ef27acf3df8085d582d32b4f1ba75dbcae5.jpg', '1. Baskı', ' 10,00', 68),
(215, 'Türkiye''de Yenileşme Düşüncesi, Sivil Toplum, Basın Ve Atatürk', 'Toplumsal düzeni, ekonomik yaşamı, siyasal ve kültürel düzeyi yeni aşamalara ulaştırmak isteyen insan soyuna, modern sivil toplum üstyapısının gerçekleşmesi, bu atılımlar için gerekli organik örgütlenişi sağlar. Zorlamalar ya da baskılarla değil; değişik istek, özlem ya da amaçlar çevresindeki özgür savaşımlarla ortaya çıkan bir örgütleniştir, çağdaş sivil toplum. Siyasal toplum ise, özgürlük alanında yol alan sivil toplumun yönetim ya da devlet düzeyindeki karşılığıdır. Hegel, ussal bir modern sivil/siyasal toplum düzeyine erişilmesini, tarihin en üst noktası ya da sona erişi sayar.', 'BAĞLAM YAYINCILIK', NULL, 122, '1990-12-01', 'full/78c084391658c07516f4236be4c74098e7b60f13.jpg', '2. Baskı', ' 10,00', 31),
(216, 'Korkunun Yüzleri', 'Atalarından kalma bir terkibin yardımıyla telepatik haberleşmeye girenler , bir sinekle iletişim kurmaya çalışanlar,hayatın akışını değiştirebilen resimlerin yapıldığı boyaların peşine düşenler,kendini birdenbire sadece ölülerin yaşadığı bir alemde bulanlar,vampirleşenler,köpek korkusu dışında korku tanımayanlar.....Nuray Tekinin fantastik hikayelerindeki kahramanlar,herkesin gerçek diye başka bir şey gördüğü ve kimsenin gördüğünden emin olmadığı ürkütücü düşler dünyasında soluk alıyor..... ', 'İLETİŞİM YAYINLARI', NULL, 123, '1996-12-31', 'full/d6aa785e3778aed085897f6a189b3b9c74ff9894.jpg', '1. Baskı', ' 2,00', 57),
(217, 'Puslu Kıtalar Atlası', '\r\n	Bir ilk kitap,Türkçe edebiyatta yeni ve pırıltılı bir yazar...Yeniçeriler kapıyı zorlarken düşler üstüne düşünlere dalan Uzun İhsan efendi ,kapı kırıldığında klasik ama hep yen kalabilen sonuca ulaşmak üzeredir. Dünya bir düştür. Evet,dünya... Ah! Evet,dünya bir masaldır. Geçmiş üzerine,dünya hali üzerine,düşler ve puslu kıtalar üzerine bir roman. Hulki Aktunç''un önsözüyle...', 'İLETİŞİM YAYINLARI', NULL, 124, '2015-02-01', 'full/46c5cc5dbdcfe25b8722ed132ca56aec13a51a0b.jpg', '52. Baskı', ' 19,50', 24),
(218, 'Akdeniz Dünyasında Para, Fiyatlar Ve Medeniyet -Beşinci yüzyıldan Onyedinci yüzyıla-', 'Kültür pahalı idi ve onun pahalılığı yüzyıllardır niçin esas itibariyle aristokrasilerin bir sporu olduğunu açıklamaya yardımcı olur.', 'BAĞLAM YAYINCILIK', NULL, 125, '1993-10-01', 'full/70c2874a1ef2806fd41b8eb496eb637473b6f0e8.jpg', '1. Baskı', ' 7,00', 50),
(219, 'Kitab-ül Hiyel', 'Puslu Kıtalar Atlası''yla birçok insanı şaşırtan ve sevindiren İhsan Oktay Anar''ın ikinci romanı Kitab-ül Hiyel, eski zaman mucitlerinin inanılmaz hayat öykülerini anlatıyor. Yafes Çelebi, Calüd ve Lalezar Necef Beyden Angilidis Efendiye, Samur ve Yağmur Çelebilerden Uzun İhsan Efendiye bir sürü mucit, hiyelkar, aktarıcı, rivayet edici, mağdur, sarhoş, meyhaneci, kahveci... Okuyanın okumayanlara kolay anlatamayacağı, ama insanın birileriyle paylaşmak isteyeceği romanlardan, Kitab-ül Hiyel ', 'İLETİŞİM YAYINLARI', NULL, 124, '2010-07-31', 'full/5bc485576976b1294bb08c04aa1956e321644a99.jpg', '21. Baskı', ' 14,50', 24),
(220, 'Hz. Musa Ve Tektanrıcılık', '"Yahudilik, Baba''nın diniydi; Hristiyanlık, Oğul''un dini oldu."', 'BAĞLAM YAYINCILIK', NULL, 126, '1987-01-01', 'full/0faf4cca141e584ca7aa6e95cc0bf2546c1d9cda.jpg', 'TÜRKÇE', ' 10,00', 69),
(221, 'Efrasiyab''ın Hikayeleri', '\r\n	Ölüm gelir evde torunlarına hikayeler anlatmakta olan Cezzar Dede''nin kapısını çalar. Ve şöyle bir anlaşmaya varırlar. Ölüm anlatacağı her hikaye için Cezzar Dedenin ömrünü bir saat uzatacaktır. Üstelik hep ülkemizde geçen hikayelerdir bunlar. Özetle yine İhsan Oktay Anarca bir kitapla karşı karşıyayız. Yani estetikle oyunun ,mizahla felsefenin edebi bir buluşmasıyla.... ', 'İLETİŞİM YAYINLARI', NULL, 124, '2015-01-01', 'full/aa773c472fa8ea6420375897a9224795a498641d.jpg', '28. Baskı', ' 19,80', 24),
(222, 'Yalnız Olmuyor', '“Herhangi bir konuda seninle karşı karşıya gelmek beni hiçbir zaman öfkelendirmedi, sıkmadı, korkutmadı. Hep biliyordum ki, derdimi anlatamama çaresizliği yaşatmayacaksın sen bana. Senin bu tarzın karşısında bütün insanlar eşittir. Ama insan bazen daha eşit olmak istiyor... Özel olmak istiyor… Yardıma ihtiyacım olduğunda hemen koşup geleceğinden şüphem yok. Ama sana ulaşabilmek için kuyruğa girmek zorunda kalmaktan korkuyorum.”', 'İLETİŞİM YAYINLARI', NULL, 127, '2010-10-26', 'full/6346df134464fd4d5c9c96738ee0ddee7666e7b1.jpg', '4. Baskı', ' 17,50', 24),
(223, 'Siyah Makamı', '“Aşk insanın dışındadır. Gelir, onun içine girer. Şu ya da bu insanı kucaklar kaldırır. Bir tek aşk vardır. Kocaman ve her yerde. Hastalıklar gibi. Herkesin veremi farklı değildir. Ufak tefek bünye farklarına kanmamak lâzım. Bir tane verem var. Gökyüzü dünyanın başka yerlerinde başka türlü mavidir ama bir tanedir. Aşk gökyüzünden gelir. Işıkla. Kuvvet ister. Kuvvetin yoksa, çılgınca koşan bir ata binmiş çelimsiz, hasta bir insanın haline düşersin. Sarsıntıdan serseme dönmüş, perişan olmuş, bakar ama görmez…”', 'İLETİŞİM YAYINLARI', NULL, 127, '2010-10-26', 'full/e460e5fddd1bbc0a4b61db935524f0ebed78bf86.jpg', '2. Baskı', ' 19,50', 24),
(224, 'Kutsal Göç (Radikal İslamcı Bir Gurubun Anatomisi)', '"Yabancılar Problemi"nin temelinde yatan öğe, Max Frisch''in belirttiği gibi "işgücü isterken onun yerine insanlar(ın) gelmiş" olmasıdır. Bu çalışmanın amacı, uluslararası göç olgusunu analiz etmek değildir. Amacımız, işgücü olarak istenen ama, insan olarak Almanya''ya göç eden ve burada İslamcı bir grup temelinde örgütlenen insanların İslam''ı anlama ve örgütlenme biçimlerini analiz etmektir. Bu çerçevede, Cemaleddin Kaplan (Hocaoğlu) tarafından kurulan İslami Cemaatler Birliği''nin tarihsel gelişimi, hareketin toplumsal tabanı, örgütlenme yapısı, ideolojisi ve ulusal-uluslararası diğer İslami hareketlerle ilişkileri analiz edilmiştir. ', 'BAĞLAM YAYINCILIK', NULL, 128, '1993-10-01', 'full/ac88b8101aa1b6a3f2b9fedd3d89c151f81df824.jpg', '1. Baskı', ' 8,00', 70),
(225, 'Tefsirde İsrailiyat', ' ', 'BEYAN YAYINLARI', NULL, 129, '2000-04-01', 'full/6dea00ad8ab7ac83a60c6546cfdfefe9a9e0e3e4.jpg', '1. Baskı', ' 30,00', 71),
(226, 'İslam Öncesi Mekke Dönemi Ve Hz. Muhammed', 'Tarihe mal olmuş büyük şahsiyetlerin vermiş oldukları mücadeleleri anlayabilmek, onların hangi şartlar altında yetiştikleri, hangi ortamlarda çocukluk ve gençliklerinin geçtiği, bu ortamlar içerisindeki fonksiyonlarını ve inkılaplarını görüp değerlendirebilmek için, mücadele dönemlerinden önceki dönemi de çok iyi bilmek gerekir. Şüphesiz tarih içinde kendisine verilen görevi ifa etmesi bakımından insanların en büyüğü, en cesuru ve örnek alınacak şahsiyetlerin ilki, Allah''ın son peygamber olarak seçmiş olduğu Hz. Muhammed''dir. ', 'BEYAN YAYINLARI', NULL, 130, '2012-04-01', 'full/bc0b6ee0f954786881ddb32a2c8007d972ab87bb.jpg', '22. Baskı', ' 7,00', 50),
(227, 'İslami Tebliğin Mekke Dönemi Ve İşkence', 'Hz. Adem ile başlayan İslam tebliğ tarihi, yani insanlık tarihi, O''nun oğulları Habil ve Kabil zamanında iki kutba ayrılmış ve bu iki kutup günümüze kadar gelmiştir, kıyamete kadar da sürecektir. Bu iki kutup Hakk ile Batıl kutuplarıdır.', 'BEYAN YAYINLARI', NULL, 130, '2012-04-01', 'full/be446b7f124aa83ab3cc60ffb774d881cbb169a6.jpg', '47. Baskı', ' 10,00', 50),
(228, 'İslami Tebliğin Medine Dönemi ve Cihad', 'Cihada, Allah''ın istediği gibi İslam''ın yaşanmasıdır. Dolayısıyla İslimi tebliğ uğruna verilen bütün mücadele Cihad''dır.', 'BEYAN YAYINLARI', NULL, 130, '2012-03-01', 'full/11eb525b3f257aeaa3b95599c0e8f13cfe45b235.jpg', '36. Baskı', ' 13,00', 50),
(229, 'İslami Tebliğin Örnek Halifeler Dönemi', 'Takdim ettiğimiz bu araştırmada sadece İslam Tarihinde Hulefay-i Raşidin diye adlandırılan Hz. Ebu Bekir, Hz. Osman, Hz. Ali ve Hz. Hasan dönemleri ele alınmıştır. "İslami Tebliğin Örnek Halifeler Dönemi" adı altında sunduğumuz bu çalışmada mümkün olduğunca hadiselerin teferruatına girmeden, bu örnek halifelerin mücadeleleri, davaları için verdikleri uğraş ve bu arada meydana gelen hadiselerin siyasi tahlili yapılmaya çalışılmıştır. ', 'BEYAN YAYINLARI', NULL, 130, '2014-01-01', 'full/528856abdd0b59dcd0f79b63c1dd268c2a7f4f19.jpg', '22. Baskı', ' 13,00', 50),
(230, 'Hilafetten Saltanata Emeviler Dönemi', '"her şey Devlet için" zihniyeti müslümanların kafalarına o denli yerleştirildi ki, "Her şey din için" inancı kayboldu. Ve müslümanlar saltanat ve diktatorya rejimleri uğruna ulu''l-emr''ler zihniyetinin kulları oldular. Ulu''l-emr -nasıl olursa olsun- la yus''el bir hale getirilip kutsallaştırıldı. Bugün dünyanın çeşitli yerlerinde müslümanları ezen ulu''l-emr''ler, Yezid zihniyetinin mirasçısı oldular ve kendileri için dokunulmazlık kanunları çıkartarak, saltanatlarını sürdürdüler, sürdürüyorlar. ', 'BEYAN YAYINLARI', NULL, 130, '2013-04-01', 'full/1b29e75c5f3d5ae5372c217077daf63330ba4cc5.jpg', '17. Baskı', ' 10,00', 50),
(231, 'Abbasiler Dönemi', 'Abbasiler, İslam Tarihi içinde uzun bir dönemi kapsadığı gibi, cereyan eden hadiseler açısından da oldukça büyük bir önemi haizdir.', 'BEYAN YAYINLARI', NULL, 130, '2010-12-01', 'full/6b9ff2093883ef885f2a775768d19753effb15c9.jpg', '10. Baskı', ' 10,00', 50),
(232, 'Sömürü Ajanı İngiliz Misyonerleri', 'Londra Misyoner teşkilatı başkanı şöyle konuştu:', 'BEYAN YAYINLARI', NULL, 130, '2011-03-01', 'full/0695d4268e8e8dde5a56d16280bc28c601b8a00e.jpg', '15. Baskı', ' 8,00', 3),
(233, '2. Abdülhamid''in İslam Birliği Siyaseti', 'Tarihini bilmeyen insanlar sömürülmeye ve güdülmeye mahkumdurlar. Tarih cehaleti, insanı bağımlılaştırıp, aşağılık duygusu altında ezer, ezdirir. Bu kompleksten kurtulmanın bir tek yolu var: Allah''ın istediği tarihi bağımsızlık... Ne kadar hatalı da olsa, otuz üç sene Osmanlı Devletini yönetmiş ve kendisine "Kızıl Sultan" dedirtecek bir harekette bulunmamış olan Sultan Abdulhamid''e, bir-iki Ermeni veya Yahudiyi sevindirmek için neden Kızıl Sultan diyelim?... ', 'BEYAN YAYINLARI', NULL, 130, '2000-09-06', 'full/7b2084b7a2862b321cb2ac4b9c7c8a82e6cecc24.jpg', '1. Baskı', ' 9,00', 3),
(234, 'İslamiyet ve Hıristiyanlık', '"Selamet, doğru yolu takip edene olsun" diyor Kur''an (20/47). Ve O yine şöyle diyor (5/47): İncil sahipleri Allah''ın onda indirdikleri ile hükmetsinler!... "Şu halde müslümanlar, muhatapları olan Hıristiyanlardan, gerçek İncil''i- eksiksiz olarak- takip etmelerinden başka bir şey istemiyorlar, Allah''a gitmek isteyenlere, Allan yön verir ve yolunu kolaylaştırır." ', 'BEYAN YAYINLARI', NULL, 64, '2007-11-01', 'full/cbf021a0cdaa710ffc1e38c9eef309271331092a.jpg', '2. Baskı', ' 9,00', 70),
(235, 'Neler Sordular', '"Neler Sordular", on beş yılı aşan bir zaman dilimi içinde İhsan Süreyya Sırma''ya sorulmuş sorular ve bunlara verilmiş cevaplardan oluşmaktadır.', 'BEYAN YAYINLARI', NULL, 130, '2002-10-24', 'full/934f9fc4c5205037df22548b79c6fa75fb5da543.jpg', '4. Baskı', ' 12,00', 31),
(236, 'İslam Ve Tarih', 'Adem (a.s.)''le başlayıp, Kıyamet''e kadar devam edecek olan tarih, sadece okullarda okutulan geçmiş hadiseler kronolojisi değildir. Bilakis tarih, insanoğlunun yaşamıyla çok yakından ilgili, hatta onun içindedir de. ', 'BEYAN YAYINLARI', NULL, 130, '2009-09-01', 'full/34c910c1f49f4c77b00579b722471d3810a8d3a1.jpg', '8. Baskı', ' 10,00', 29),
(237, 'Bir Garip Tarih', '"Sizlere takdim etmeye çalıştığımız bu kitapçık, yakın tarihimizin değişik olaylarıyla ilgili bazı belgelerin değerlendirilmesinden ibarettir. Çalışmamızın birinci amacı, bize bir çok yönleri yanlış anlatılmış olan yakın tarihimizin hiç olmazsa bir iki yönünün gerçek yüzünü ortaya koymak; ikinci amacı ise, bu konular üzerinde ayrıntılı olarak çalışacak araştırmacılara biraz olsun malzeme sunmaktır." ', 'BEYAN YAYIN NE ALIRSAN KİTAPLARI', NULL, 130, '1997-09-01', 'full/5e531bfe5b7d2c0f7df6659b8e6c1c62bb3f2169.jpg', '1. Baskı', ' 7,50', 29),
(238, 'Nasıl Sömürüldük', 'Görüyoruz ki Amerika güdümündeki batı, çıkarlarına alet etmek için 1945''de kurduğu Birleşmiş Milletler örgütü vasıtasıyla makro planda Üçüncü Dünya, mikro planda da İslam Dünyası üzerinde her türlü tasarrufta bulunuyor; bu ülkeleri dilediği gibi sömürüp gidiyor. Hem de müslümanları de kendi emellerine alet ederek..Kaldı ki, beş milyarlık dünya nüfusu içinde sömürenler bir milyar, sömürülenler ise dört milyar nüfusa sahipler.. Peki nasıl oluyor de bir milyar, dört milyarın kanını sülük gibi emiyor? ', 'BEYAN YAYINLARI', NULL, 130, '2008-04-01', 'full/7b93d3d45734fb440cd9fe382f978b1ff75f3555.jpg', '5. Baskı', ' 15,00', 30),
(239, 'Bir Başka Açıdan Kemalizm', 'Bu kitap yakın tarihimize ışık tutacak bir belgeler demeti şeklinde, söylenmeyeni söylemek için yazıldı. ', 'BEYAN YAYINLARI', NULL, 131, '1988-10-01', 'full/cd6043c1db830d5cb1859771ca9668d55a28eb53.jpg', '3. Baskı', ' 21,00', 37),
(240, 'İnönü Dönemi', '\r\n	Bu kitap, Cumhuriyet döneminin iki numaralı adamı İsmet İnönü''nün 1919-1950 yılları arasındaki serüvenini ya da nâm-ı diğer 2. Adam veya, "Milli Şef" dönemine ilişkin gerçekleri anlatmaktadır.', 'BEYAN YAYIN NE ALIRSAN KİTAPLARI', NULL, 131, '1989-01-01', 'full/f680bb1347c3d98d95938ce3f2415b4ae1269548.jpg', '1. Baskı', ' 12,00', 37),
(241, 'Menderes Dönemi', 'Menderes Dönemi, Cumhuriyet tarihinde bir dönüm noktasıdır. Tek partiden çok partili döneme geçilirken ülkenin siyasal, ekonomik, sosyal ve kültürel yapısında da önemli değişiklikler olmuştur. Ancak bu değişim sanılanın aksine radikal değişimler değil, yanı temel zihniyetin yeniden yapılanması, kabuk değiştirmesi ve şeffaf bir görüntüye büründürülmesidir.', 'BEYAN YAYIN NE ALIRSAN KİTAPLARI', NULL, 131, '1990-01-01', 'full/6d786126da9e34ea58b0a1f5ceaf57837e66071f.jpg', '6. Baskı', ' 12,00', 37),
(242, 'İhtilaller Dönemi', 'Bu kitap, Osmanlıdan başlayarak günümüze uzanan darbelerin kronolojisini, darbeleri oluşturan şartları ve darbelerin sonuçlarını sorgulamaktadır. ', 'BEYAN YAYINLARI', NULL, 131, '1991-01-01', 'full/d731a56e626163e3276a5c16e54ad0f687321465.jpg', '3. Baskı', ' 16,20', 37),
(243, 'Sorunlar Sorular Ve Cevaplar', 'Buradaki cevaplar, birer fetva niteliğinde değildir. Sorular çevresinde bir fikir imalinden ibarettir. Sorunun çözümünün ahlaki altyapısı ve cevabın adresini, cevaba giden yolda izlenmesi gereken yöntemi sunmaya çalıştık. Burada kesin hükümler değil, sorunun daha iyi anlaşılması ve çözüm arayışının doğru kaynaklara yönlendirilmesi açısından bir gayret göreceksiniz. ', 'BEYAN YAYIN NE ALIRSAN KİTAPLARI', NULL, 131, '1995-02-01', 'full/daf55e6e718e207397ef973bbd099c0dc4f90eba.jpg', '4. Baskı', ' 9,00', 31),
(244, 'İslam Savaşçısına Notlar', 'Müslümanın savaşı, Allah''ın uygun gördüğü yaşama biçimini, yeryüzünün her yanında geçerli hâle getirme yolunda bir savaştır...', 'BEYAN YAYIN NE ALIRSAN KİTAPLARI', NULL, 132, '1990-04-01', 'full/a5bfc5bbd22a5c526e527a03df3d29f41721c995.jpg', 'TÜRKÇE', ' 10,00', 30),
(245, 'Mehdilik', '"Kötülüklerden şikayet edip onlara çare arama yerine, çaresizliğin bir ifadesi olarak dilimizde iyice yer etmiş bir söz vardır: " Bu işi ancak Mehdi halleder" veya "işimiz artık Ahir zaman Mehdisine kaldı". Bu sözler çok defa çaresizlerin çaresi; ümitsizlik içinde çırpınanların teselli kaynağı olur. Kimdir bu Mehdi? Çıkacak mıdır? Dinimizde Mehdi''nin çıkacağına dair bir inanç var mıdır? ', 'BEYAN YAYIN NE ALIRSAN KİTAPLARI', NULL, 133, '1993-02-01', 'full/3a118c42c5e0357717f42c4f7bb93dc5d0d3fae4.jpg', '1. Baskı', ' 10,00', 29),
(246, 'Hz. Fatıma', 'Hz. Fatıma''yı tanımak, yanlış uygulamaları düzeltmek için gereklidir. Müslüman kadını en iyi anlatmak, İslam''ın mesajının yeni duyurulduğu devir içindeki en sağlam, tutarlı ve vahiy kaynağına en yakın kimseyle, Peygamber ile adeta özdeşleşmiş bir kadın ile mümkündür. ', 'BEYAN YAYINLARI', NULL, 77, '1999-10-01', 'full/585f5c7da880ebbc5233606c817bb5d73b2d8d80.jpg', '1. Baskı', ' 7,00', 7),
(247, 'Hz. Zeynep', 'Elinizdeki kitap salt tarihi bir olayı anlatmakta kalmıyor. Siz, buna tarihin öğündüğü ve insanoğlu var oldukça da öğüneceği bir hanımın yaşam öyküsü gözüyle bakabilirsiniz. O, kısacık ömrünü acıyla, çileyle öfke ve eylemle yoğurmuştur. Konumu, İslam Tarihi ve insanlık açısından oldukça önemli biri; ismi Hz. Zeyneb.... ', 'BEYAN YAYINLARI', NULL, 77, '1992-01-01', 'full/e4815fbc9731891ab25a23e0b7d39c4c9f3cb64f.jpg', '1. Baskı', ' 7,00', 7),
(248, 'Hz. Hatice', 'Rasul''e ilk biat eden bir kadındır. Mü''minlere Mekke''de kaldıkları sürece gerçekten ANA olan fedakar bir insan; bir Allah dostu. Bu insan aynı zamanda ileri koldaki kadınların öncüsü. Kendisi, Peygamber''in Mekke''deki risaleti boyunca gelişen tüm olayların içindedir. Bu önemli olayların bir cephesi de cemaatlaşmaktı... Rasül''ün ilk cemaatındaki önder insan, mü''minlerin ANA''sı olan Hz. HATİCE''dir. ', 'BEYAN YAYINLARI', NULL, 134, '1992-01-01', 'full/278bca207b902fd5204fe8e4424dcddc8597d704.jpg', '1. Baskı', ' 6,00', 7),
(249, 'Şiirler', 'Cahit Zarifoğlu''na ait hangi metin olursa olsun, onun dünyasına bir iklime geçer gibi girersiniz. Yeni bir iklime girmenin ne gibi etkileri oluyorsa, nasıl değiştiriyorsa insanı öylece değişirsiniz.', 'BEYAN YAYINLARI', NULL, 135, '2012-12-01', 'full/838c90c6878385d7b3322e0670e3c18e8db5935e.jpg', '9. Baskı', ' 23,00', 1),
(250, 'Yaşamak', 'Yeni Türkçe''deki hatıra türünün en yetkin örneklerinden biri olan Yaşamak, toplumsal olarak bir ışığa dönüştürmek istediğimiz acıya, bireysel bir dünyada aydınlık sağlamaktadır. ', 'BEYAN YAYINLARI', NULL, 135, '2011-04-01', 'full/b88c52546b407cc077a58c6dbf949ace3eb1b660.jpg', '6. Baskı', ' 12,00', 8),
(251, 'Konuşmalar', 'Bir konuşma mı? Tam da zamanı... Doğrusu böyle bir şeye hiç gelemem. Çok uzun zamandır sadece yazmaktan başka edebiyatla hiçbir ilgim yok. Seyrek olarak, elime geçtikçe, dostlar yolladıkça bazı dergileri okuyorum. Ben zaten fazla düşünmem. Muayyen konularda, muayyen sorulara derli toplu, kuru ve sistemli karşılıklar verecek şekilde düşünmem. Onun için sorulu cevaplı bir konuşma yerine sohbet edelim, notlar alınır, sonra ben onları gözden geçiririm. Yarı sohbet, yarı röportaj, yarı düzyazı bir şey çıkar ortaya, yayınlarsınız onu. ', 'BEYAN YAYINLARI', NULL, 135, '2000-09-06', 'full/2dcce294be787f420fdfd6fec0f21d8e572bc447.jpg', '1. Baskı', ' 12,00', 32),
(252, 'Romanlar', 'Lagman vilayetinin güney-batısındaki dağ yumaklarının arasındaki bu köyde doğacaktım. ', 'BEYAN YAYINLARI', NULL, 135, '2011-03-31', 'full/a27670a418083e9c084e8d5edc178dcd5b226d58.jpg', '3. Baskı', ' 16,00', 24),
(253, 'Karmaşa', '"Damarlarımın bu denli gerildiğini, dişlerimin takırdayarak bu denli titrediğini hiç hatırlamıyorum. Alnımda çıbanlar sivriliyor. "İşte mahsulüm..." diyorum; eziyorum. Yığılmışım masaya. Kusmak mı? Al işte, kusuyorum Dostoyevski...! İşte kusuyorum Camus! İşte kusuyorum Sartre...! Ama ilk defa iğreniyorum sizden... Raflarda devriliyor kitaplar. Yaprak yaprak savruluyor odanın içinde; ortalığa saçılıyor.', 'BEYAN YAYIN NE ALIRSAN KİTAPLARI', NULL, 136, '1985-01-01', 'full/61f6b1675ae91504c320d7cc23863f7ee07cf0e3.jpg', 'TÜRKÇE', ' 8,00', 24),
(254, 'Kurana Göre Dört Terim', 'İnsan, İlah''ın ne olduğunu, Rabb''ın ne anlama geldiğini, İbadetin neden ibaret olduğunu, dinin neye dendiğini anlamazsa, şüphesiz, Kur''an-o Kerim''in tamamı onun gözleri önünden, manasından hiçbir şey anlaşılmayan, gelişi güzel bir söz yığını gibi geçer gider. Bu durumda da Tevhid''in hakikatini bilemez; şirkin mahiyetini kavrayamaz. İbadetini Allah''a tahsis etmeye gücü yetmediği gibi, dininde de ihlasla Allah''a yönelemez. Bu dört terimin ifade etmek istediği mana, şahsın zihninde kapalı, karışık kalırsa ve onların manaları hakkında insanın bilgisi noksan olursa, tabi ki ona Kur''an-ı Kerim''in hidayet ve irşad adına sunduğu şeyler de karışık görünür. Kur''an-ı Kerim''e inanmakla beraber inancı ile bütün amelleri noksan kalır. ', 'BEYAN YAYINLARI', NULL, 75, '1998-12-01', 'full/a93249d0961a9d6f769ba914c364ef8b5bd7eb32.jpg', '23. Baskı', ' 8,00', 30),
(255, 'İslam Müesseselerine Giriş', 'İslâm Müesseselerine Giriş, inceleme ve araştırmalarıyla kendinden sonraki kuşağa büyük bir tetkik hazinesi bırakmış olan Prof.Dr. Muhammed Hamidullah''ın, Dil''den başlayarak Hacc, Kâbe, Cami, İmamet, Hilâfet ve Vergi gibi İslâm müesseselerini ilgilendiren konularda yaptığı araştırmaları ihtiva etmektedir. ', 'BEYAN YAYIN NE ALIRSAN KİTAPLARI', NULL, 64, '1992-01-01', 'full/29357c533acda300c1a3c1abbae13a43e2dc2904.jpg', '1. Baskı', ' 5,40', 50),
(256, 'Lokmanı Dinlerken', 'Hz. Lokman ile ilgili bu çalışmamız; İbni Abbas (r.a.) dan rivayet edilen ve Hz. Peygamber(s.a.v.''in: "Siyahilere sahip olunuz. Şüphesiz ki onlardan üçü cennet ehlinin efendilerindendir. Bunlar Lokman el-Hakim, Necaşi ve müezzin Bilal''dir" kutlu sözünü tutmanın ve Ona gücümüz ve kabiliyetimiz ölçüsünde "sahip çıkmanın" kağıda dökülüşünün bir çabası olarak değerlendirilmelidir. ', 'BEYAN YAYIN NE ALIRSAN KİTAPLARI', NULL, 137, '1993-03-01', 'full/de57ab893944981a67fe785387e3ba4118170292.jpg', 'TÜRKÇE', ' 9,00', 72),
(257, 'Yunus Emre', 'Her milletin tarihinde "seçkin, büyük, önder" kabul edilen kişiler vardır. Sayıları oldukça az olan bu kişileri önemli kılan özelliklerin başında, onların deha ve kabiliyeti, çalışmayla birleştirerek ortaya koydukları eserlerle ''dün''den ''bugün''e gelmeyi başarmış olmaları gerekir... ', 'BEYAN YAYIN NE ALIRSAN KİTAPLARI', NULL, 138, '1991-01-01', 'full/f87931caa3d81e29766ea45739c4b0b5e4b4f0af.jpg', '1. Baskı', ' 10,00', 27),
(258, 'Irak ve Saddam Hüseyin', 'Osmanlı İmparatorluğu''nun çöküşünden sonra Ortadoğu''da oluşan boşluk, sömürgeci ülkelerce, suni devletlerle doldurulmuş ve kendi içinde pek çok problem taşıyan bu düzenleme, Ortadoğu''yu sürekli kanayan bir yara haline getirmişti... ', 'BEYAN YAYIN NE ALIRSAN KİTAPLARI', NULL, 139, '1991-01-01', 'full/1d7b58649cbc900dc37f6fcb7e0155c7c05315af.jpg', 'TÜRKÇE', ' 7,00', 73),
(259, 'İsrail Amerika ve Bomba', 'Bu kitap, İsrail''in nasıl gizlice bir nükleer güç haline geldiğini anlatmaktadır. Ayrıca, Eisenhower döneminden itibaren üst düzey ABD siyasi ve askeri yetkililerin bu sırrı nasıl paylaşıp tasdik ettiklerini ve kimi zaman isteye dileye göz yumdukların da dile getirmektedir.... ', 'BEYAN YAYIN NE ALIRSAN KİTAPLARI', NULL, 140, '1992-01-01', 'full/d00a765a5931530b61c029ab7ba44898202cb503.jpg', '1. Baskı', ' 18,00', 73),
(260, 'Oryantalizm ve Oryantalistler', 'Onyedinci asrın başlarından itibaren gelişmeye başlayan sömürgeciliğin temsilcileri İngiltere, Fransa, İspanya, Portekiz, Avusturya, Hollanda, İtalya, Almanya ve nihayet Rusya''nın, belli başlı yüksek öğretim kurumlarında geçmişi yıllar öncesine uzanan birer şarkiyat bölümü vardır. Ayrıca bu devletlerin, istisnasız hepsinde dışişleri bakanlığına veya sömürge işlerini yürüten kuruluşa bağlı bir Doğu ülkeleri dairesi mevcuttur.... ', 'BEYAN YAYIN NE ALIRSAN KİTAPLARI', NULL, 141, '1993-10-01', 'full/11edeead7bac5abe264b16893e172822fb511183.jpg', '1. Baskı', ' 7,00', 19);
INSERT INTO `books` (`bid`, `title`, `summary`, `yayinevi`, `shop`, `aid`, `year`, `img`, `language`, `price`, `gid`) VALUES
(261, 'Hz. Muhammed', 'Birçok uyarıcının, tebliğcinin, düşünürün, liderin ve daha nice büyük insanın gelip te geçtiği yeryüzü, karanlık ve kasvetli bir zaman diliminde olanca dehşet ve öfkesini yaşarken, bir çocuk geliverdi ansızın avuçlarına. Yıl, İsa''dan sonra 570. Bu çocuğun adını Muhammed koydular. Babası Abdülmuttalib oğlu Abdullah; annesi, Vehb kızı Amine. Arap dilinin ve geleneğinin pek az kullandığı isimlerden biri Muhammed. Anlamı; ''Fazlasıyla övülmüş". Bu isim bütün kutsal kitaplarda geleceğine işaret edilen son peygamberin adı olacaktır. ', 'BEYAN YAYINLARI', NULL, 142, '1994-09-01', 'full/397166becf1b2e41bb109fc399f5dfc1e9dd310e.jpg', '2. Baskı', ' 10,00', 35),
(262, 'Hz. Ömer', 'Ubey İbn Ka''b, Hz. Ömer aleyhine dava açtı. Medine  kadısı Zeyd İbn Sabit, mahkemede Hz. Ömer''e devlet başkanı sıfatıyla hürmet etmek isteyince, O''ndan ilk ihtarı aldı:', 'BEYAN YAYINLARI', NULL, 143, '2012-03-01', 'full/854c03e50ab8354c80210ce5b729890d126387e7.jpg', '3. Baskı', ' 10,00', 27),
(263, 'Hz. Osman', '\r\n	Bir gün, Hz. Osman''dan bahsedilmiş, birisi O''nun aleyhinde konuşmuş ve orada hazır bulunan Abdullah İbn Sirin bu adama şu cevabı vermişti:', 'BEYAN YAYINLARI', NULL, 143, '1994-09-01', 'full/7c3f5eaa8bfd714fe2002cba01e0e15db8f91b7b.jpg', '2. Baskı', ' 9,00', 27),
(264, 'Hz. Ali', 'Eğer isteseydim saf bal, arı buğday ve ipek giysiler gibi dünya zevklerine giden yolu seçebilirdim; Fakat, Hicaz ve Yemame''de hiç doymayanlar ve bir ekmeği bile bulamayanlar varken, arzularım beni peşlerinden sürükleyip, iştahım beni güzel yemekler yemeğe götüremez. Çevremde aç karınlar ve susuz ciğerler varken, doymuş bir işkembeyle mi yatayım? Dünyanın güçlüklerini halkla paylaşmadıktan sonra, kendime ''müminlerin emri'' denmesine razı mı olayım? Yoksa, hayatın zorlukları karşısında onlar için bir örnek mi olmalıyım? ', 'BEYAN YAYINLARI', NULL, 144, '1994-09-01', 'full/e26b71148fa526d3c12f203fe79bce757120d17f.jpg', '2. Baskı', ' 9,00', 27),
(265, 'Ömer Muhtar', 'Yirminci asır kurtuluş hareketleri hakkında yazı yazan herkes, ister istemez Ömer Muhtar''dan söz etmek zorunda kalır. Çünkü gerçekten O''nun son derece kısır imkanlarla sürdürdüğü mücadele, çok güçlü ve iyi donatılmış, dünyanın en büyük ordularından birine sahip olan bir devlete karşı yapılan bir mücadeleydi. Bu mücadele, birbirine kuvvetçe denk olmayan iki taraf arasında meydana gelmiş ve yirmi yıl boyunca sürüp giden savaşlarda, zayıf tarafın başarıları çok daha fazla olmuştu. Bu da, Ömer Muhtar gibi bir liderin etrafında toplanan mücahidlerin başarısıydı. ', 'BEYAN YAYINLARI', NULL, 143, '1994-09-01', 'full/b9f066028b5c765fbbb62fd441dcbda6a9308b3d.jpg', '1. Baskı', ' 10,00', 27),
(266, 'Din Nedir', 'Din sorununun, insanoğlunun hiç te kısa sayılmayacak tarihi içinde, sürekli varolagelen bir problem oluşu, onun insanın tabii ve ayrılmaz bir yönünü oluşturduğunu gösterir. Çünkü, ilk insandan günümüze kadar sürekli varolagelen temel özellikler, insanın yaratılışında, doğasında, fıtratında varolan değerlerdir. Bu açıdan dini, insanın ayrılmaz bir parçası olarak değerlendirmek, hiç te yanlış olmayacaktır. ', 'BEYAN YAYINLARI', NULL, 145, '2005-01-19', 'full/af07f5dd14a287a2d28215f3593e638284f4de90.jpg', '1. Baskı', ' 7,00', 16),
(267, 'Tevhid Ve Şirk', 'Tevhid ve Şirk basit iki olgu değil, evrenin düzeninin temeli olan olgulardır. ', 'BEYAN YAYINLARI', NULL, 145, '2005-01-19', 'full/0cda7e24f4b1886c5430876f329a983be10aa2a2.jpg', '1. Baskı', ' 7,00', 16),
(268, 'Çağımızda Kadın Sorunu', ' ', 'BEYAN YAYIN NE ALIRSAN KİTAPLARI', NULL, 144, '1984-01-01', 'full/e193d38a7380a6a504ed2bf496aa5b9b5a2b5dd4.jpg', '1. Baskı', ' 5,00', 30),
(269, 'Hz. Hüseyin / Bir Uyarı Bir Sembol', '"Hz. Hüseyin''in şehadeti İslam''ın Yayıcıları''nın ve İslam davasındaki kararlılıklarının tarihinde çığır açan önemli bir noktadır. Bu, Hz. Peygamber''in torununun ve Hz. Ali ile Fatıma''nın sevgili oğullarının yalnızca basit bir hikayesi değil, gerçek islami önderliği ortaya koyan tarihi bir senet ve islami düşünceyi Hz. Peygamberin döneminde tesbit edilmiş biçimiyle korumak niyetiyle içten girişimde bulunan bir kişinin sergilediği örnek karakterdir." ', 'BEYAN YAYINLARI', NULL, 146, '2014-06-30', 'full/b053bf551bf308f426527950d4074ca35b889d7f.jpg', '2. Baskı', ' 6,00', 7),
(270, 'Osmanlı Devletinin Yıkılışında Yemen İsyanları', '" An''o Yemendir', 'BEYAN YAYINLARI', NULL, 130, '2008-03-01', 'full/babfdc2c4a21c506f792ea4e72c6852ae0c32c93.jpg', '2. Baskı', ' 13,00', 3),
(271, 'Muvatta 4 cilt', 'Muvatta, İmam Malik''in en meşhur eseridir. Fıkıh konularıyla ilgili bir kısım hadisi, Medine halkının uygulamalarını, sahabe ve tabiun fetvaları ile İmam Malik''in kendi içtihadlarını içine alır. Bu eserde, rivayette bulunduğu asara kıyasla, bazı meselelerde görüşlerini, rivayetlerine dair tefsir ve eğilimlerini, görüşlerden bazılarının diğerlerine tercih ediliş sebeplerini de anlatmıştır... ', 'BEYAN YAYINLARI', NULL, 147, '1994-09-01', 'full/b4933d5b9ab0d906398d722b0e6b5459aa6c3b17.jpg', '1. Baskı', ' 108,00', 36),
(272, 'Kur''an''da Peygamber Duaları', '\r\n	Dua yaratan ile yaratılan arasında bir diyaloğun adıdır. Başka bir söyleyişle dua sınırlı, sonlu ve aciz olan varlığın, sınırsız ve sonsuz kudret sahibi ile kurduğu bir köprüdür. Bu nedenle Allah''ın ismi ile başlayan ve insanla sona eren Kur''an, bu noktada en mükemmel bir dua kitabıdır. ', 'BEYAN YAYINLARI', NULL, 137, '2002-10-25', 'full/a136e448ba7a671e8147b90580b2ce7649e8108a.jpg', '2. Baskı', ' 8,00', 59),
(273, 'İslam Anayasa Hukuku', '"İslâm Anayasa Hukuku," çağımızın en önemli ilim adamlarından Prof.Dr.Muhammed Hamidullah''ın, Anayasa kavramı çevresindeki makalelerinin derlenmesinden oluşmaktadır. Hamidullah''ın bu değerli eseri, kendisi tarafından "yer yüzündeki ilk yazılı anayasa" olarak sunulan Hz. Muhammed''in Medine''ye hicretinden sonra, Medine''deki yerleşik topluluklarla yaptığı ve "Medine Vesikası" diye bilinen tarahi belge çevresinde odaklanmaktadır. ', 'BEYAN YAYINLARI', NULL, 64, '2005-11-01', 'full/b20b5792631e32337fab964d68725702364e3174.jpg', '2. Baskı', ' 16,00', 74),
(274, 'Cinler Ve Büyü / Kur''an ve Hadislere Göre', 'Mânevî sahadaki boşluk, insanımıza bir altüst oluş dönemi yaşatıyor. Halkımız bir arayış içinde çırpınıyor; aradığı gerçek değerler yeterince kendisine verilmediği için bir türlü dengeye gelemiyor. Mânevîyât adına, Semâvî dinler''in redderek, şirk ve küfür saydığı vaktiyle dine alternatif olarak uydurulmuş, sihir(büyü), fal gibi birtakım hususlarla, yine yüce dinimizin kabul etmediği Reenkarnasyon (Tenasüh) gibi Hint kökenli bir takım batıl inançlar, susuzluklarını gidermeleri için onlara bir reçete olarak sunulmak isteniyor.', 'BEYAN YAYINLARI', NULL, 148, '2011-06-17', 'full/55209d038958100fee9d346a2da8fa4964a9a28f.jpg', '4. Baskı', ' 16,00', 29),
(275, 'Şeytan / Kur''an ve Hadislere Göre', 'Varlık âlemine imtihân olmaya geldiği günden îtibâren, insanoğlunu bir an yalnız bırakmayarak ona yoldaşlık yapan, bazı ruhânî varlıklar mevcuttur. Bunlardan bir kısmını meydana getiren melekler, insanın iyiyi, doğruyu, güzeli bulmada yardımcısı iken, ruhânî varlıkların diğer bir bölümünü oluşturan şeytânlar, insanoğluna kötüyü, yanlışı çirkini telkin etmekte, sonuç itibariyle onun kuyusunu kazma gayesini gütmektedirler. Şeytânın, insanın üzerine en fazla düştüğü, vesvese ve telkînlerini en fazla yoğunlaştırdığı zamanlar ise ibâdet anlarıdır. Dünyaya imtihan olmak üzere gelmemezin bir gereği olarak, her inasının melekten ve şeytândan bir arkadaşı, bir çeşit danışmanı vardır. ', 'BEYAN YAYIN NE ALIRSAN KİTAPLARI', NULL, 148, '1995-07-01', 'full/e31f5e51275b1e83c634413158164cc88ef9c548.jpg', '1. Baskı', ' 16,00', 29),
(276, 'Kültürümüzün Kimliği', 'Nasıl bir Türkiye?', 'BEYAN YAYIN NE ALIRSAN KİTAPLARI', NULL, 149, '1995-01-01', 'full/376b5b0d82636b25015c88afc58a516241ced152.jpg', '4. Baskı', ' 10,00', 29),
(277, 'İlahi Dinlerde Cennet İnancı', 'Dünya hayatından sonra başlayacak olan ahiret hayatı, Cennet ve Cehennem''i içine alan sonsuz  bir alemi kaplamaktadır. Allah''a inanan her insan, bu sonsuz hayatı Cennet''te yaşamak ister. İlahi dinler, bağlılarına daima Cehennem''den uzak kalarak, Cennet''e girebilme yollarını göstermiş ve gerekli öğütlerde bulunmuştur. ', 'BEYAN YAYIN NE ALIRSAN KİTAPLARI', NULL, 150, '1995-12-01', 'full/f66358b591dc7d6699a6a5f417cc46b45fd173ad.jpg', '1. Baskı', ' 10,00', 16),
(278, 'İslamın Kabul ve Reddettiği Halk İnançları', 'Hz. Peygamber’in tebliğ ettiği Kur''ân esasları ve onların yorumu demek olan sünneti, Hicaz bölgesi halkının inanç dünyasını değiştirmiş, hurafelerden arındırmış, o istikamette yeni hükümler getirmişti. Daha doğrusu, Hz. İbrahim (a.s)''ın getirdiği Haniflikten sapmalar sonucu ortaya çıkan inançlar tekrar aslına döndürülmüş, Kur''ân ve Sünnet''in ana esprisi olan Tevhid inancı ikame edilmişti. Ne yazık ki, Hz. Peygamber’in vefatından çok kısa bir müddet sonra gerek Hicaz bölgesinde gerekse Fetihle genişleyen İslâm dünyasında eski inançlar yahut bölgede kültürel miras olarak devam eden düşünceler, İslam kisvesine bürünerek tekrar devam ettirilmeye başlanmış, Kur''ân''ın "Câhiliye hamiyeti"" diye tavsif ettiği inanç ve düşünceler hatırlatılma gayretine girilmiştir. Bu acı gerçek, İslâm bilginle¬rinin üstün gayretlerine rağmen devam etmiştir. Bu gün İslam dünyasının çeşitli bölgelerinde ortaya çıkan ihya hareketleri hep, İslam''ı gerçek hüviyetiyle bidat ve hurafelerden arınmış şekliyle yeniden sunma gayretinden kaynaklanmaktadır. ', 'BEYAN YAYINLARI', NULL, 151, '2013-04-01', 'full/70035737fb74de126b18fbd044a6b1d447898ec6.jpg', '2. Baskı', ' 13,00', 75),
(279, 'Ümmü Habibe Ve Rivayetleri/ Peygamberimizin Hanımı', 'Müşrik Mekke toplumunda İslamiyet''i ilk kabul edenlerden olan Ümmü Habibe, müslüman olduktan sonra inancı uğrunda, babası Ebu Süfyan ve diğer müşriklerin baskılarına katlanmıştır. ', 'BEYAN YAYINLARI', NULL, 152, '1995-12-01', 'full/f612cf9b2e9854e98d171846f38e06ab1916335e.jpg', '1. Baskı', ' 9,00', 36),
(280, 'Kur''an''da Sembolik Anlatımlar', 'Tek başına soyut manalar bilinen görülen şekillerde örneklendirmedikçe insan düşüncesinde boş ve köksüz kalır. ', 'BEYAN YAYIN NE ALIRSAN KİTAPLARI', NULL, 137, '1995-12-01', 'full/7ba55af1e70497443df040e026974653aad5fd47.jpg', '1. Baskı', ' 15,00', 29),
(281, 'Türkiye''de Anti Materyalist Felsefe (Spiritüalizm)-İlk Temsilciler-', '"Bir yerde realist düşüncenin varlığından bahsediliyorsa, orada idealist düşünce de var demektir. Yine bir yerde pozitivist ve materyalist düşüncenin olduğu söyleniyorsa, orada anti pozitivist, anti materyalist düşünce de, yani spiritüalist düşünce de var olmalıdır. Çünkü, herşey "zıddı ile kaimdir". Pozitivist ve materyalist düşüncelerin Türkiye''ye girdiği tezi ortaya konulmuş fakat bunların karşılığı, yani karşıtı olup olmadığı araştırılmamıştır. Biz de, bunu araştırdık ve ortaya koyduk. Ulaştığımız sonuçların da yeterince muşahhas olduğu kanaatindeyiz." ', 'BEYAN YAYIN NE ALIRSAN KİTAPLARI', NULL, 153, '1996-01-01', 'full/4d8b5ae1f02c1c936a2efeb1947159b6817b1f63.jpg', '1. Baskı', ' 16,00', 76),
(282, 'Din Devlet İlişkisi Sempozyumu', '\r\n	Bu kitap, Yeni Zemin dergisi tarafından 3-4 Nisan 1993 tarihlerinde Bursa''da düzenlenen, Din-Devlet İlişkileri Sempozyomu''na sunulan bildirilerden oluşmaktadır. ', 'BEYAN YAYIN NE ALIRSAN KİTAPLARI', NULL, 146, '1996-01-01', 'full/a2a6b85222be6deb3fc89c47ca1499202a348e19.jpg', '1. Baskı', ' 13,00', 30),
(283, 'İslam Düşüncesinde Allah-Alem İlişkisi', 'Allah-alem ilişkisi problemi, İslam kelamının olduğu kadar, felsefe ve tasavvufunun da en önemli konusudur. Bütün dinler, hatta bütün felsefi ekoller bu probleme kendilerine göre bir bakış açısı getirmişlerdir. Vahye dayalı dinler, Allah-alem ilişkisine daima insan unsurunu ön plana alarak bakarken, buna karşılık Aristo ve O''nun gibi düşünen filozoflar, hem insanı ve hem de Tanrı''nın yaratıcılığını gözardı etmişlerdir.', 'BEYAN YAYIN NE ALIRSAN KİTAPLARI', NULL, 154, '1996-01-01', 'full/418dac82027836c27edc6f79e880b1cc2b295776.jpg', '1. Baskı', ' 16,00', 16),
(284, 'İslam''a Göre Cahiliye ve Ehl-i Kitab Örf ve Adetleri', '"İslam''a göre Cahiliye ve Ehl-i Kitab örf ve adetleri" İslam''ın ilk dönemine ilişkin yapılmış en kapsamlı çalışmalarından biridir. Çünkü bu çalışma, İslam tarihi boyunca yapılagelen kimi temel tartışmalara yönelik önemli cevaplar taşımaktadır. İslam''ın ortaya çıktığı ilk dönem arap toplumunun yaşayan örfü ve yine o dönemdeki Yahudi ve Hristiyanların mevcut inançları ile İslami hükümler arasındaki ilişki, her dönem dikkati çeken ve tartışılan konuların başında gelmiştir.  Batılı araştırmacılar, Hz. Peygamber''in Kur''an dışında hiçbir Sünnet yada Hadis bırakmadığını, ilk İslam toplumunun uyguladığı Sünnetin, Hz. Peygamber''in Sünneti olmayıp, İslam öncesi arapların örfü olduğunu ileri sürmüşlerdir. Tüm bu iddialara yönelik ilişkiler ve hukuk alanında, cahiliye devri araplarının ve Ehl-i Kitab''ın örf ve adetleri ile İslami hükümler arasındaki ilginin mahiyetini ortaya koymaktadır. ', 'BEYAN YAYINLARI', NULL, 148, '2014-10-28', 'full/e22781e2df9c15e403735d2280e1837eb2a2e631.jpg', '2. Baskı', ' 25,00', 2),
(285, 'Hikayeler', 'Cahit Zarifoğlu''nun Hikâyeleri, özellikle İns anlatısı, edebiyatımızda kendine özgü, özgün bir çizgidir. Sanatsal olgunun, anlatı türünde bu denli yoğun öne çıktığı nadirdir. Bu tatla okunabilen eser sayısı da sınırlıdır. Şiirin hemen yanıbaşında yer alan öyküleri de, şiiri gibi güç anlaşılır. Okundukça intibak edilen ve sevilen bir tarzı vardır. ', 'BEYAN YAYINLARI', NULL, 135, '1996-01-01', 'full/f29c6d86f5150e590351e1e630e25ddc12686789.jpg', '1. Baskı', ' 10,00', 25),
(286, 'İslam ve Osmanlı Hukukunda Kölelik Ve Cariyelik', 'Kuşkusuz ki kölelik, insan haklarına ve ahlaka tamamen aykırı bir düşüncedir. Ama, sanayileşme öncesinde özellikle Batı''da köleliğe, çoğu düşüncedir. Ama, sanayileşme öncesinde özellikle Batı''da köleliğe, çoğu filozoflar da devlet adamları da karşı çıkmıyordu. Batı''daki anti-köleci yaklaşımların temelinde dînî, felsefî ve sosyal etkilerden çok ekonomik sebepler bulunmaktadır. Kaldı ki günümüzde, çoğu devlet kontrolünde olmak üzere, ahlaki düzeyi düşük yerlerde kadınlara yapılan uygulama ile, Bosna''da esir alınan kadınlara karşı yapılan tecavüz, Batı''lı dünyanın köle ve cariye hukukunda ulaştığı son seviyeyi açıkça göstermektedir. ', 'BEYAN YAYIN NE ALIRSAN KİTAPLARI', NULL, 155, '1996-02-01', 'full/4fa5aab2954c73543261551369b86dde8bb74a19.jpg', '1. Baskı', ' 16,00', 29),
(287, 'İslam ve Osmanlı Anayasa Hukukunda Yargı Bağımsızlığı', 'Devletin üç fonksiyonu vardır: Yasama, yürütme ve yargı. Bu araştırma, İslâm-Osmanlı Hukuku''nda yargı fonksiyon ve bağımsızlığını -bildiğimiz kadarıyla ilk kez ele almaktadır. Bu çalışmada onüç asırlık dönemde yargının fonksiyoner ve bağımsız olup olmadığı tetkik edilmiş, şühûdu''l - hal gibi bazı kavramların özellikle günümüz hukuku açısından özgün ve dikkat çekici olduğu müşahade edilmiştir. ', 'BEYAN YAYIN NE ALIRSAN KİTAPLARI', NULL, 155, '1996-01-01', 'full/16724e98d7d1f39bab18c783fe8b7a2c08340038.jpg', '1. Baskı', ' 16,00', 29),
(288, 'Oryantalistlerin İddialarına Cevaplar/ Hz. Peygamber İle İlgili', 'Yaklaşık olarak 1250 yılında Papa''nın emriyle Paris''te bir Arapça kürsüsü kurulmasıyla faaliyete geçmiş olan Oryantalizm, günümüzde kendisine yerli destekçiler de bulmuş durumdadır. Kısaca belirtmek gerekirse, bu gayretleriyle Oryantilizm''in ve yerli destekçilerinin hedefi, Müslüman halkı, onlara milli kimliklerini veren dînî, tarihî ve kültürel değerlerinden koparmaktır. ', 'BEYAN YAYIN NE ALIRSAN KİTAPLARI', NULL, 148, '1996-01-01', 'full/c12f3604db5b101c8faed9fc0e6f352bc766a4a9.jpg', '1. Baskı', ' 17,00', 29),
(289, 'Ehli Sünnet Ve Şia''nın Delil Olarak Aldığı Bazı Hadisler', 'Doğuşlarından itibaren bazı i''tikadi mezheplerin, görüşlerini ispat etmek, kendilerine muhalif olanları susturmak üzere hem Kur''ân''a hem de Sünnet''e sarıldıkları, âyet ve hadisleri menfaatleri doğrultusunda yorumlamaya çalıştıkları bir gerçektir. Bunların, te''vile elverişli olmayan hadisleri "mevzû" olarak nitelendirmek, kendi maksatları doğrultusunda birçok hadis uydurdukları da bilinen bir husustur. Bu yüzdendir ki bazı İ''tikadi mezheplerin delil gösterdikleri rivayetlerin çoğu muteber kaynaklarımızda bulunamamış fakat bunlar Mevzû''ât alanında yazılmış olan eserlerde yer almışlardır. ', 'BEYAN YAYIN NE ALIRSAN KİTAPLARI', NULL, 148, '1996-03-01', 'full/39a6671efd7592639eeee95361ddd50f227807e1.jpg', '1. Baskı', ' 11,00', 29),
(290, 'Nehirlerin Dili', 'Allah''ın yaratmış olduğu tabiatın her zerresinin, kendine özgü bir dili vardır. Fakat nasıl ki biz insanlar, kendimiz gibi olan milyarlarca insanın bile dilinden anlamıyorsak, tabiattaki diğer yaratıkların da büyük bir kısmı yekdiğerini anlayamamaktadır. Vahşi bir yılanın, zavallı bir kipiye saldırışına şahit olmamışsanız, dikenleri yüzünden kirpiyi eleştirir durursunuz. Dağlardan şifalı bitki özlerini toplayarak biz insanlar için bal üreten zavallı arıların, "iğnesini zehirlidir" diye yakınır durursunuz..... ', 'BEYAN YAYINLARI', NULL, 130, '1996-01-01', 'full/913859268d186ef68a4b5881df0968fc9598a6cc.jpg', '1. Baskı', ' 8,00', 28),
(291, 'Ayetler Ve Yetenekler', 'Vahyin son kitabının insanlık dünyasına inen ilk kelimesi "oku" emriyle başlamaktadır. Yani iman, tebliğ ve aydınlık adamının ilk işi okumaktır. Ama neyi okuyacaktır insan? Kur''an''a göre insanın önüne okunmak üzere konan "üç temel kitap" vardır. Kainat kitabı, vahiy kitabı ve insanın bizzat kendisi. ', 'BEYAN YAYIN NE ALIRSAN KİTAPLARI', NULL, 137, '1999-10-01', 'full/818294aea54333c636786a632582cb50a5c754fd.jpg', '1. Baskı', ' 8,00', 2),
(292, 'İslam''a Giriş', 'İslâm''a Giriş, İslam dini hakkında bilinmesi gerekli en temel bilgileri içerir. Verdiği bilgilerin yalın ve doyurucu oluşu nedeniyle, İslam hakkında bilgi edinmek isteyen her seviyede insan için bir başvuru kitabı özelliği taşır.', 'BEYAN YAYINLARI', NULL, 64, '2003-04-01', 'full/fba70e4db0f6b3dc4ad923cdeab8df3d12fa5a00.jpg', '1. Baskı', ' 18,00', 59),
(293, 'Ebu Hanifenin Hocası Hammad ve Fıkhi Görüşleri', 'İslam dünyasının asırlardır büyük bir kesiminin resmi mezhebi olan hanefiliğin ilim silsilesinden, Ebu Hanife''nin hocası Hammad b. Ebi Süleyman, Fıkhı, Sahabe ve tabiunun büyüklerinden alıp kendinden sonraki nesillere, özellikle Ebu Hanife''ye en güzel şekilde aktaran devrinin en büyük fakihlerinden biridir..... ', 'BEYAN YAYINLARI', NULL, 156, '1996-10-01', 'full/ef3a74c63fad600e4e775f68239766c9efbe0504.jpg', '1. Baskı', ' 15,00', 7),
(294, 'Haricilerin Siyasi Faaliyetleri', '\r\n	Haricilik, İslam mezhepleri arasında siyasi gündem oluşturma açısından en önemli mezheplerden birisidir. Hz. Ali ve Muaviye arasında yaşanan halifelik mücadelesine getirdikleri farklı yorumlarla ortaya çıkan bu mezhep taraftarları uzun yıllar İslam tarihinin siyasi ve fikir tartışmalarında önemli yer edinmişlerdir.', 'BEYAN YAYIN NE ALIRSAN KİTAPLARI', NULL, 157, '1996-11-01', 'full/67f17226287846500ff93e4c8a2ce73a620e3706.jpg', 'TÜRKÇE', ' 15,00', 50),
(295, 'Gadir-i Hum Olayı / Hz. Ali''nin Hilafet Hakkı Meselesi', 'İslâm tarihinin ilk asrında özellikle de Allah Resûlü’nün vefatını takip eden yıllarda meydana gelen siyasî, sosyal, ekonomik ve kültürel ilişkiler, etkileri günümüze kadar devam eden gelişmelere yol açmıştır. Mezhepler arasındaki katı ayrılmaların temelinde de bu dönemdeki gelişmeler yatmaktadır. Bunlar o kadar önemli hale gelmiştir ki, tarihi geriye götürüp yeniden yaşamak mümkün olmadığı halde mezhepler arasında bu gelişmelerin etkisi canlı bir şekilde yaşamakta, hatta olayların tarihten koparılarak çağdaş okumalara tabi tutulduğu da görülmektedir', 'BEYAN YAYINLARI', NULL, 157, '2014-01-17', 'full/47456440626bdd2568f1e5321d5fca8c03b2f0e8.jpg', '2. Baskı', ' 7,00', 50),
(296, 'Arap Mevali İlişkisi / İslam Tarihinin İlk Döneminde', 'Hulefa-i Raşidin dönemindeki fetihlerde kısa süre içinde hayal edilemeyecek başarılar elde edildi. Müslüman Araplar fethedilen bölgelere yerleşerek, Arap olmayan unsurlarla yüzyüze geldiler. Arap olmayan milletler, İslâm devletinin zimmi tebaaları olarak müslümanların hâkimiyetini tanıdılar. Kısa zamanda zimmilerin büyük bir kısmı çeşitli sebeplerden dolayı müslüman oldular. Araplar, Arap olmayan yeni mühtedilere mevâli adını verdiler. Bu kitap Arap-mevâli ilişkisini siyasi, sosyal, kültürel ve ekonomik boyutlarıyla ele almaktadır. ', 'BEYAN YAYIN NE ALIRSAN KİTAPLARI', NULL, 157, '1996-11-01', 'full/95b68ea39e4c576cff3f1516a1e05417321e801f.jpg', '1. Baskı', ' 10,00', 50),
(297, 'İktidar Mücadelesi / İslam Tarihinin İlk Asrında', 'Hz. Peygamber’in (s) vefatından sonra Müslümanlar, siyaset ve zenginlikle büyük bir imtihan yaşadılar. Ashabın ileri gelenleri, karşılaştıkları ilk problemleri derin bir krize yol açmadan atlattılar. Râşid Halifeler döneminin son yıllarında ise büyük bir kriz patlak verdi. ‘Birinci fitne dönemi’ dediğimiz bu dönemin başlarında üçüncü halife Hz. Osman’ın öldürülmesi, önü alınamaz gelişmeleri tetikledi. Hz. Ali, hilafet dönemini krizi çözmekle uğraşarak geçirdi; ancak başarılı olamadı.', 'BEYAN YAYINLARI', NULL, 157, '2014-01-17', 'full/1d76fb2c0027d7cf945fbb6dfe2eea6815644a47.jpg', '2. Baskı', ' 18,00', 29),
(298, 'Yerler Mühürlendi', 'Gökyüzünde kara kömür dumanın silindirik bir biçimde savura savura trenin ucu ilerilerden gözüktü. Geliyordu artık. Geliyorlardı. O aşinası olduğumuz düdüğünü o aşinası olduğumuz tiz tonlarda ara vermeksizin çalıp durarak.. Raylara doğru içgüdüsel olarak birkaç adım attı. Topukları havada, başını olabildiğince yükseğe kaldırmış, ayakuçlarının üzerinde yükselmiş trenin geldiği yönde bakıyordu. Trenciler, raylara yaklaşanları geriye çekilmeye çağırıyor, kollarıyla engellemeye çalışıyorlardı. Müşteri bekleyen faytoncular, at arabacılar ve yolcu bekleyen ahaliyle ortalık epeyce kalabalıklaşmıştı. Hayret ki Said Ağa şu ana kadar, yani beklediği süre zarfında kendini istasyonda hep yalnız, hep tek başına sanmıştı. Şimdiyse nereden çıkmıştı bu kalabalık? ', 'BEYAN YAYIN NE ALIRSAN KİTAPLARI', NULL, 158, '1996-11-30', 'full/a5778b65d849974521583b4209174899ad04c308.jpg', '1. Baskı', ' 11,00', 24),
(299, 'Dr. S', '"Her zaman kimi oyuncaklar ya da tecimsel şeyler çıksa neyse, bazan o kocaman çantanızda tek bir radyo kordonu yahut yarım kilocuk kadar deniz kumu, bir yeşil çınar yaprağı, bazan bir parça söğüt dalı, bazan içiçe girmiş, gittikçe küçülen yedi adet deri çanta, çok eski bi demir para, sıkıştırılmış tabanca kurşunları, karton kutular, gazetelerden kesilmiş insan gözleri, parmaklar, bıyıklar, burunlar, kollar, bir evin yalnızca çatısı, bir yapının bacası, bazan rastgele kesilmiş yüzlerce gazete kelimesi, kelimeler: ikram, tarz, anaç, centilmen, yurt, küre, çamur, kanat..." ', 'BEYAN YAYIN NE ALIRSAN KİTAPLARI', NULL, 158, '1996-12-30', 'full/42f5804687ad66b02a529760f3e9ed8171e95dd9.jpg', '1. Baskı', ' 7,00', 25),
(300, 'Divan Edebiyatı Üzerine Tartışmalar', 'Üzerinden bir asrı aşkın bir zaman geçmiş olmasına rağmen, Divan Edebiyatı ile ilgili görüş ve düşünceler, bir türlü aynı noktalarda toplanamıyor. Tersine, en durgun ortamlarda bile söz ona gelip dayanınca azımsanmayacak bir hareketlilik göze çarpıyor. ', 'BEYAN YAYIN NE ALIRSAN KİTAPLARI', NULL, 159, '1996-10-01', 'full/ca56dd8324d1bec3fe9afb22a704ca32d3c0923e.jpg', '1. Baskı', ' 17,00', 14),
(301, 'Ahmet Bey Ve Öğrencileri', 'Ahmet bey, günün birinde çok sevdiği bir öğrencisinden kendilerine yardım ricasını alır almaz işe koyulur  ve yaklaşık iki yüzyıllık bir vasiyeti yerine getirmek için kararlı bir çaba gösteren beş öğrencisi ile birlikte kendisini eğlenceli bir seyahatin içinde bulur. ', 'BEYAN YAYIN NE ALIRSAN KİTAPLARI', NULL, 160, '1997-01-01', 'full/9adafac26966c4017313b4d89b2a6a6e2bbd7882.jpg', '1. Baskı', ' 13,00', 24),
(302, 'Dağlara İnmek İçin Çıkılır', 'Dağ ile insan arasında, tarihin başlangıcından günümüze dek ayrılmaz bir dostluk her zaman varolmuştur. Gerçeği arayanlar ve içlerinde yaşadıkları toplumun açmazlarına çare bulma sevdası taşıyanlar, yaşamlarının belli bir kesiminde insanların dünyasından el çekip yalnız kalmayı tercih etmişler ve kendilerine mekan olarak dağları seçmişlerdir.', 'BEYAN YAYIN NE ALIRSAN KİTAPLARI', NULL, 137, '1997-04-01', 'full/b81b692f14036c131b41fd598541a68df4c5079d.jpg', '1. Baskı', ' 7,00', 2),
(303, 'İslam''da Tövbe ve Dini Yaşayıştaki Rolü', '\r\n	Bu araştırma, İslam dininin iki temel kaynağını esas alarak, dini yaşayışta ön görülen tövbe hadisesinin açıklanması ve bununla birlikte söz konusu olan ruhsal değişmelerin ele alınmasını amaçlamaktadır. Şüphesiz insan hayatının akışı içerisinde, çok çeşitli değişme ve gelişmeler cereyan etmektedir. Bu durum, dini hayat için de geçerlidir. Bilindiği üzere dini ve ahlaki hayatın, her zaman aynı istikamette ve aynı yoğunlukta değişmelere uğramadan devam etmesi mümkün değildir....', 'BEYAN YAYIN NE ALIRSAN KİTAPLARI', NULL, 161, '1997-03-01', 'full/dd464f475d9ef753cc017da5f446a8dcd3b13666.jpg', '1. Baskı', ' 18,00', 29),
(304, 'İslam Ve Modern Hukukda İşkence', '\r\n	İşkence, bizatihi bir suçtur. Duyulduğu anda insan kalbini burkan bir kavramdır. İnsanlara ve insani değerlere karşı işlenen menfur bir eylemdir. İşkence, insan şahsiyetini ve insani değerleri yok etmeye yönelik bir fiildir. Değeri büyük olduğu halde insan, işkence karşısında herhangi bir eşyadan farksızdır.', 'BEYAN YAYIN NE ALIRSAN KİTAPLARI', NULL, 162, '1997-03-01', 'full/39c03ebb56fef51f8f050b440a474f997c4ce508.jpg', '1. Baskı', ' 13,00', 74),
(305, 'İslam Düşüncesinde Bilgi Teorisi', 'Düşünce ancak bir bilgi üzerine yürütülebileceğine göre bilginin diğer bütün konulardan önce ele alınması bir zaruretten doğmuştur denilebilir. Gerçek İslam düşüncesi olarak kabul ettiğimiz, imanın akileştirilmesi vazifesini üstlenmiş ve bunu da kendi sınırları içinde hakkıyla yapmış olduğunu iddia ettiğimiz kelâm ilminin büyük alimleri bir bilgi nazariyesi ile eserlerine başlamayı adet edinmişlerdir. İnanç bilgi üzerine bina edilebileceğine göre bunu bir kaçınılmaz vakıa olarak kabul etmek durumundayız. ', 'BEYAN YAYIN NE ALIRSAN KİTAPLARI', NULL, 154, '1997-01-01', 'full/802dfb186465cb7a1dd6e394c0d1668d2be81606.jpg', '1. Baskı', ' 9,00', 76),
(306, 'Çağdaş Haricilik Düşüncesi / Tekfir ve Hicret Cemaati Örneği', 'Bu çalışma, özellikle yetmişli yıllarda Mısır''a adını duyuran Tekfîr ve Hicret Örgütü''nün görüşlerini irdelemektedir. Örgütün Türkiye''de taraftarları bilinmemekle birlikte sahip oldukları fikirlerin zaman zaman değişik coğrafyalarda samimi ve fakat heyecanlı müslümanlar gençler arasında görülmesi ve bahsedilen fikirlerin dinî, sosyolojik, kültürel, siyasî, tarihî, psikolojik temellerinin yeterince tartışılmaması, bu çalışmanın Türkçe''ye çevrilmesini gerekli kılmıştır. ', 'BEYAN YAYIN NE ALIRSAN KİTAPLARI', NULL, 163, '1997-08-01', 'full/ef5e3a00f55821c27ba4f760143b29f6ca0d18d6.jpg', '1. Baskı', ' 8,00', 30),
(307, 'Gladyo/Öncesi ve Sonrasıyla Susurluk''taki Düğüm', 'Elinizdeki kitapta, Belçika ve İtalya''daki Gladyo örgütlerine (yani CIA güdümünde ve NATO korumasında illegal eylemlerde bulunmuş kanlı terör dalgaları meydana getirmiş, akıl almaz provokasyonlara girişmiş devlet içindeki çeteler ve faili meçhullerin faillerine) dair araştırmalar yapmış olan Belçikalı yazarların çalışmaları ekseninde Gladyo Dosyası''nı sunuyoruz... ', 'BEYAN YAYIN NE ALIRSAN KİTAPLARI', NULL, 164, '1997-10-01', 'full/1f6948ab3e52d3d1105b21da2620e0d3b11c4295.jpg', '1. Baskı', ' 7,56', 77),
(308, 'Kavram ve Mahiyet Olarak Sünnet Ve Bid''at', '\r\n	Toplumun bir kesimi, eğitimsizliğin ve dini cehaletin sonucu hurafelere düşerken, bir kesimi de toplumun yapısını pek fazla önemsemeden keskin tavırlar almak suretiyle tekfir etme derecesine varan anlayışlar içinde görülmektedir. Bunun yanında Peygamberin Allah tarafından seçilmiş olmasının gereği olarak bulunan bazı özellikleri reddedilerek beşerilik vasfı öne çıkarılıp, Peygamber ve O''nun sünnetine karşı tavır alan düşünceler ortaya çıkmaktadır. Günümüz insanı bu ikilem arasında gidip gelmektedir. Biz bu çalışmamızda kavram ve mahiyet olarak sünnet ve bid''at kavramlarının teorik bir araştırmasını yapmaya gayret ettik. ', 'BEYAN YAYIN NE ALIRSAN KİTAPLARI', NULL, 151, '1997-10-01', 'full/4a26d887d3f76c1d89370e7dde5912266aadf8cf.jpg', '1. Baskı', ' 9,00', 12),
(309, 'Güneş Ve Ayna', ' ', 'BEYAN YAYINLARI', NULL, 138, '1997-10-01', 'full/4149232e13534169d2cfd71e70feb97ef0c65341.jpg', '1. Baskı', ' 7,00', 1),
(310, 'İfşa', ' ', 'BEYAN YAYIN NE ALIRSAN KİTAPLARI', NULL, 138, '1997-10-01', 'full/27b7fd584e2b47ed8c5c89ff9b9e31c171695f42.jpg', '1. Baskı', ' 7,00', 1),
(311, 'Yeni Bir Sevda Süleyman', ' ', 'BEYAN YAYIN NE ALIRSAN KİTAPLARI', NULL, 165, '1997-10-01', 'full/7c027532f468afbecd74bf8a1eff4117b5f8ad69.jpg', '1. Baskı', ' 7,00', 1),
(312, 'Gül Kıyamı', ' ', 'BEYAN YAYINLARI', NULL, 166, '1997-10-01', 'full/c259a1b30afdf600d6ea343d2f400742169e569d.jpg', '1. Baskı', ' 7,00', 1),
(313, 'İkibinyirmibir', ' ', 'BEYAN YAYINLARI', NULL, 167, '1997-10-01', 'full/2a4e23ff187e577f3975df4d415366cd5ecb8c1c.jpg', '1. Baskı', ' 7,00', 1),
(314, 'Merhaba Ey Hüzün', '\r\n	', 'BEYAN YAYIN NE ALIRSAN KİTAPLARI', NULL, 168, '1997-10-01', 'full/f26a61601a8809a7f242a450a87393d45f876ed0.jpg', '1. Baskı', ' 7,00', 1),
(315, 'Babili Beş Geçe', ' ', 'BEYAN YAYIN NE ALIRSAN KİTAPLARI', NULL, 169, '1997-10-01', 'full/4c1826407ef9175ab7dd9182b1e7173c8dec58d9.jpg', '1. Baskı', ' 7,00', 1),
(316, 'Çamurlu Bir Irmak', '\r\n	', 'BEYAN YAYIN NE ALIRSAN KİTAPLARI', NULL, 158, '1997-10-01', 'full/f4270c6b3fb4c5114c42d521310e5ddd343dd722.jpg', '1. Baskı', ' 7,00', 1),
(317, 'Adını Koyamadığım', ' ', 'BEYAN YAYIN NE ALIRSAN KİTAPLARI', NULL, 169, '1997-10-01', 'full/e609676d7afdf15306523fa4367d68b98c0c523e.jpg', '1. Baskı', ' 7,00', 1),
(318, 'Vay Sevda Karam', ' ', 'BEYAN YAYIN NE ALIRSAN KİTAPLARI', NULL, 170, '1997-10-01', 'full/701e4253f4fefd9d9de06459faf2e684f6bee75d.jpg', '1. Baskı', ' 7,00', 1),
(319, 'Doğudan Batıdan Ortadoğu''dan', '\r\n	', 'BEYAN YAYIN NE ALIRSAN KİTAPLARI', NULL, 168, '1997-10-01', 'full/a3b264d73f58cabb879d8d6bd832a5f7068760d0.jpg', '1. Baskı', ' 7,00', 1),
(320, 'Ağzı Karanfilli Dost', ' ', 'BEYAN YAYIN NE ALIRSAN KİTAPLARI', NULL, 171, '1997-10-01', 'full/edd9ec21cac64c765ceb19aac3f131982f48ff2c.jpg', '1. Baskı', ' 7,00', 1),
(321, 'Bir Şehre Vardım', ' ', 'BEYAN YAYIN NE ALIRSAN KİTAPLARI', NULL, 166, '1997-10-01', 'full/9429f8393b5aa94eaf7c73341ef6120d31cc7f69.jpg', '1. Baskı', ' 7,00', 1),
(322, 'Selahaddin Eyyübi Ve Kudüs''ün Yeniden Fethi', 'Kudüs Fatihi ve III. Haçlı Seferi''nin muzaffer komutanı olan Salahaddin, o günün dünyasının en büyük imparator ve krallarıyla çatışmış, onların bütün saldırılarını bertaraf etmiş ve Kudüs''ü onlara karşı koruyarak Hz. Ömer''in yadigarı olan bu mübarek bölge Filistin''den söküp atmış ve burasını ebediyyen bir İslam toprağı olarak sonraki nesillere bırakmıştır. Haçlılar, o günden sonra Filistin ve diğer İslam toprakları üzerine ordular göndermiş ama hiçbir zaman netice alamamış, Müslümanlara karşı kesin zafer kazanamamıştır.... ', 'BEYAN YAYINLARI', NULL, 143, '1997-12-01', 'full/dbbe9dc4783e7370302c43b42f3e1de9ea3ed652.jpg', '1. Baskı', ' 12,00', 50),
(323, 'İbn Arabinin İtikadi Görüşleri', 'İbn ''Arabî, şöhreti kendi zamanından günümüze kadar genişleyerek devam eden ve hakkında birçok bilimsel araştırma yapılmış bulunan önemli bir şahsiyettir. İslâm dünyasında gerçekleştirilen çalışmalar içinde bilimsel nitelikli olanlar maalesef son derece azdır. Diğerleri ise kutuplaşma ürünü olup kimi onu takdir, kimisi tenkit için kaleme alınmış, bilimsel içeriği ve tutarlılığı bulunmayan duygusal nitelikler taşımaktadır. Batıda yapılan araştırmalar ise müsteşriklerin öncülüğünde başlamış, daha sonra mühtedî batılılarca sürdürülmüştür. Bunlar daha çok onun bâtınî (ezoterik) yönünü ön plana çıkarmaktadır. Her ne kadar İbn ''Arabî hakkında şimdiye kadar gerçekleştirilen çalışmalarda onun itikadî görüşlerine yer yer temas edilmişse de bildiğimiz kadarıyla sadece bu hususu konu edinen bir inceleme, bu çalışmanın dışında, yoktur. ', 'BEYAN YAYIN NE ALIRSAN KİTAPLARI', NULL, 172, '1997-12-01', 'full/7bef4b40296bb5a9968f29f1e8adf2d67613c665.jpg', '1. Baskı', ' 9,00', 56),
(324, 'Emeviler Döneminde Saray Hayatı', '\r\n	Emeviler Dönemi, İslam tarihinin en önemli dönemlerinden biridir. Bu dönem, hem Raşid Halifeler''den sonra hilafetin saltanata dönüştüğü ve idari bozulmanın başlangıç yıllarını hem de İslami fetihlerin yaygınlaşarak İslam coğrafyasının alabildiğine genişlediği fetih yıllarını kapsar. Bu dönem, aynı zamanda İslam tarihindeki en büyük ve en kalıcı bölünmeyi oluşturan Sünni-Şii ayırımının da başladığı yıllardır. Bütün bu özellikler, bu dönem hakkında söz söylemeyi güçleştirmektedir. .... ', 'BEYAN YAYIN NE ALIRSAN KİTAPLARI', NULL, 173, '1997-12-01', 'full/671f8c4eaab3ad409c9b757e7f7b80381a443f47.jpg', '1. Baskı', ' 10,00', 50),
(325, 'Osmanlıda Kadın ve İktisat', 'Osmanlı kadınlarına ilişkin çalışmalarda, genellikle Anadolu kadını yok sayılarak, saray ve askeri sınıfa mensup varlıklı kadınlar ele alınmakta ve kadını ''evcil köle'' olduğu ispatlanmaya çalışılmaktadır. Oysa, Osmanlı toplumunda kadının hayat içinde etkinliği, spekülatif yorumlardan uzak bilimsel değerlendirmelerle ele alınmaya muhtaçtır. ', 'BEYAN YAYINLARI', NULL, 174, '1998-03-01', 'full/0adf807ac4d7dc08e621be55239bee38f86425b3.jpg', '1. Baskı', ' 10,00', 78),
(326, 'Hıristiyanlık Üzerine Değerlendirmeler', 'Gazali, bu eserinde büyük bir titizlikle Hz. İsa''ya "İlahlık" verilmesinde şüpheler uyandıran Yuhanna İncili''ndeki metinlerle, O''nun sadece bir insan olduğunu vurgulayan diğer metinleri ortaya koyuyor. Bu metinleri, sağlam ilmi bir eleştiriyle yorumlayarak mecazları gösteriyor. Gerçekten açıklanmasını gerektiren, başka manalara çekilmesini engelleyen ipuçlarını gün yüzüne çıkarıyor. Yuhanna İncil''inden beş delil getiriyor. Ellerindeki İncillerin, bizzat Hz. İsa''ya yakıştırdıkları hulul nazariyesiyle ilgili şüpheli cümlelerini tahlil ederek, açık manaların ortaya koyuyor. Tıpkı O''nun gönderilmiş, kendisine kitap verilmiş, Rabbine boyun büken, Rabbinden korkan, Allah nazarında iyi amellere çağıran bir peygamber olduğunu gösteren açık seçik metinlerde yaptığı gibi. ', 'BEYAN YAYIN NE ALIRSAN KİTAPLARI', NULL, 175, '1998-03-01', 'full/ac7ec2d707846db25d14d2336127bd445ca183ed.jpg', '1. Baskı', ' 6,48', 79),
(327, 'İslamın Güney Doğu Asya''ya Girişi Ve Yayılışı', 'Güneydoğu Asya bölgesinin İslamiyet''le ilk tanışması, bu dinin milletlerarası bir din haline gelmesiyle ve bu bölgenin milletlerarası ticaret neticesinde dışa açılmasıyla yakın ilgisi vardır. Miladi VII. ve VII. yüzyıllarda (yani hicri birinci ve ikinci yüzyıllarda) önce Arap asıllı, daha sonra da İran ve Hint asıllı müslüman denizci ve tüccarların, bölgedeki liman şehirlerine transit uğramaları neticesinde bu şehirlerde yaşayan mahalli halkın, özellikle tüccarların ve mahalli idarecilerin, İslamiyet''le tanışmaları veya ilk temasları gerçekleşmiştir. ', 'BEYAN YAYIN NE ALIRSAN KİTAPLARI', NULL, 176, '1998-03-01', 'full/eaa7797ab6b066b5ba6fc33d7f338f2bd60e469a.jpg', '1. Baskı', ' 12,00', 79),
(328, 'Musab Bin Umeyr', '...Hep kalın kitaplar arasında, bölük pörçük ve bir bütünlük olmadan bahsedilen, sevgili  Peygamberimiz''in yakın arkadaşlarının hayatları, ulaşılabilen güvenilir kaynaklar arasından taranarak, anlaşılır bir dille okuyucuyla buluşturulmaya çalışıldı. Daha doğrusu hayatları dramatize edildi. Günümüzle bağlantı kurularak, daha kolay anlaşılmalarına gayret edildi. Hepsinden önemlisi, sevgili Peygamberimiz ve çevresi de bu vesile ile tanıtılmaya çalışıldı. ', 'BEYAN YAYINLARI', NULL, 177, '1998-04-01', 'full/eb10f885241e9fba2cdcd13e6dad8c21e19bd633.jpg', '1. Baskı', ' 6,00', 7),
(329, 'Selman-ı Farisi', '...Hep kalın kitaplar arasında, bölük pörçük ve bir bütünlük olmadan bahsedilen, sevgili  Peygamberimiz''in yakın arkadaşlarının hayatları, ulaşılabilen güvenilir kaynaklar arasından taranarak, anlaşılır bir dille okuyucuyla buluşturulmaya çalışıldı. Daha doğrusu hayatları dramatize edildi. Günümüzle bağlantı kurularak, daha kolay anlaşılmalarına gayret edildi. Hepsinden önemlisi, sevgili Peygamberimiz ve çevresi de bu vesile ile tanıtılmaya çalışıldı. ', 'BEYAN YAYINLARI', NULL, 177, '2007-09-01', 'full/aa2eadc33220e547192897abe321d76498968c2f.jpg', '2. Baskı', ' 6,00', 7),
(330, 'Ay Tanığım Olsun', '\r\n	', 'BEYAN YAYIN NE ALIRSAN KİTAPLARI', NULL, 178, '1998-05-01', 'full/2e2c4028c1f2a3b998ee8ccbbf06c39d8860896a.jpg', '1. Baskı', ' 7,00', 1),
(331, 'Ebabil', 'akşamdan bir imdir gökyüzünde son kuşlar', 'BEYAN YAYIN NE ALIRSAN KİTAPLARI', NULL, 179, '1998-05-01', 'full/ae69b8f89d5896ce7e6e78e9da70f637cfd004f0.jpg', '1. Baskı', ' 7,00', 1),
(332, 'Anadolu Günlüğü', 'Güneşli bir gün. Beş kişiydik; bizim mahallenin temel kadrosu. Küçük arabamızla çıkmıştık kıra. Mahalle reisi ağabeyim... Emir vermiş; yatma-uyuma denemesine girişmiştik:', 'BEYAN YAYIN NE ALIRSAN KİTAPLARI', NULL, 180, '1998-04-01', 'full/a241a8f196850d4f6f8ad2467ed212d3e3688eab.jpg', '1. Baskı', ' 21,00', 80),
(333, 'Belgelerle 2. Abdülhamid Dönemi', 'II. Abdulhamit, Sultan Abdülaziz''in, sebebi hala çözülmemiş olan esrarengiz ölümünden ve V. Murat''ın iki ay kadar süren kısa saltanatından sonra, Osmanlı tahtına oturdu. Osmanlı Devleti''ni en çileli döneminde otuz üç yıl gibi uzun bir süre idare eden Sultan II. Abdülhamid, çok değişik şekillerde ele alınıp incelen tarihi bir şahsiyet olarak, tarihteki yerini almış bulunmaktadır.', 'BEYAN YAYINLARI', NULL, 130, '2009-12-01', 'full/96daea65f5ff35a34874495cfae238555bf8bbba.jpg', '2. Baskı', ' 13,00', 3),
(334, 'İslamın İlk Döneminde Beyat Ve Seçim Sistemi', 'İlk uygulamasına Hz. Peygamber döneminde başlanmış olan el-Bey''at (İslam''da Devlet Başkanı''nın Seçimi), içtimai ve siyasi anlamda O''nun irtihaliyle ortaya çıkan bir kavramdır. Hz. Peygamber''den sonra Hz. Ebu Bekr''in Halife seçilmesiyle başlayan Bey''at, Dört Halife, Emevi ve Abbasiler döneminde farklı şekillerde uygulanmıştır. İslam toplumu için son derece önemli olan bu seçim, sulh ve sukunet içinde cereyan ettiği gibi, Halife''nin seçilmemesi, seçilen Halife''nin herkesin bey''atını alamaması, Halife''nin öldürülmesi, hapse atılması, çocuk yaşta veliaht tayini, seçimler esnasında Arap, Türk ve İran menşeli ailelerin sultası, vb. olaylar toplumda derin yaraların açılmasına, toplumun parçalanmasına, üstünlük ve kavmiyetçiliğin söz sahibi olmasına sebep olmuştur. ', 'BEYAN YAYIN NE ALIRSAN KİTAPLARI', NULL, 181, '1998-10-01', 'full/d84ceabb5d2699ef65f5693d8d8c01ca765d5088.jpg', '1. Baskı', ' 9,00', 50),
(335, 'İslam Devletler Hukukunda Savaş', 'İslam hukukunda savaşın oluşumuna yol açan faktörler, İslam ülkesine saldırı, zulmü ortadan kaldırıp hakkı çiğnenene yardım etmek, tebliğ fonksiyonunu engelleyenleri bertaraf etmek, dine yönelik fitneyi yok etmek, vatanından haksız yere çıkarılmak, inananların ibadet özgürlüğünü garanti altına almak, anlaşmaları bozup birliğin ihlaline, toplum huzurunun kaybolmasına çalışmak ve hiyanet gibi sebeplere bağlı olmaktır. Bunun dışında kalan ve emperyalist maksatlara yönelik veya ganimet ve mal hırsıyla ya da şahsi duyguların tatmini ve şöhret kaygısıyla yapılan savaşlar meşru olmadığı gibi, yeryüzünde bozgunculuk yapmaya teşebbüs olarak nitelendirilmiş ve kötülenmiştir. ', 'BEYAN YAYIN NE ALIRSAN KİTAPLARI', NULL, 182, '1998-10-01', 'full/e7cc935a8b6ebaba3bdcf353d8a81ca898dbc6c7.jpg', '1. Baskı', ' 11,00', 74),
(336, 'Kuran Işığında Kader Ve Özgürlük', 'Günümüzde, hakkında en çok soru sorulan konuların başında, kader ve özgürlük konusu yer almaktadır. Fakat bu sadece günümüzde ortaya çıkmış bir sorun değildir. İnsanın özgür olup olmadığı meselesi, her devirde insanoğlunun aklına arız olan en kompleks bir problem olmuştur. Bu konuda birçok filozof, düşünür, bilim adamı fikir yürütmüş, bazıları insanın özgür olduğu neticesine ulaşırken, bazıları da insanın zorunluluk altında olduğu sonucuna varmışlardır. Öteki din, felsefe ve düşüncelerde olduğu gibi, bu mesele İslam''da da tartışılmış, bunun neticesi olarak kader ve özgürlük konusunda bir takım mezhepler teşekkül etmiştir. Her mezhep, kendi görüşüne uygun aklî ve naklî deliller getirerek haklılığını ispat etmeye çalışmıştır. ', 'BEYAN YAYIN NE ALIRSAN KİTAPLARI', NULL, 183, '1998-09-01', 'full/74450ea5680c132883312eb12a11ce798a7338ae.jpg', '1. Baskı', ' 10,00', 30),
(337, 'Halifeliğin Emevilere Geçişi Verasete Dönüşmesi', 'İslam Tarihinde, gizli kalan gerçeklerin ortaya çıkarılması için araştırılması gereken pek çok mesele vardır. Bu konuların, zaman zaman batıda ve doğuda ilim adamları tarafından incelenerek açıklığa kavuşturulması, bunlar hakkındaki bazı şüphelerin ve yanlış kanaatlerin izale edilmesini sağlamıştır.... ', 'BEYAN YAYIN NE ALIRSAN KİTAPLARI', NULL, 181, '1998-10-01', 'full/a028fba2e36881276f61d00d99ec577d1188ef15.jpg', '1. Baskı', ' 8,00', 50),
(338, 'Ebu Hanife', 'Denebilir ki, bütün İslam tarihinde Ebu Hanife kadar geniş bir öğrenci halkasına sahip olan başka bir imam yoktur. O''nun binlerce öğrencisi vardı. Daha başında yani Hammad''ın ölümüyle, O''nun yerine geçtiği sıralarda, bu geniş halkayı temin için ilk adımını atmıştı.... ', 'BEYAN YAYINLARI', NULL, 142, '1998-10-01', 'full/dd842f4f771a4a88a170e7654f019ddc7da23db2.jpg', '1. Baskı', ' 6,00', 7),
(339, 'İmam Şamil', 'Ölümünün üzerinden yüzyılı aşkın bir süre geçmiş olmasına karşın İmam Şamil, bugün de dipdiri bir kişilik olarak gündemdedir. Geçen zaman O''nu hafızalardan silememiş, kendi dönemindekilere olduğu kadar günümüz müslümanlarına da çok şey anlatan bir ad, bir kimlik, bir simge olma durumunu hep korumuştur. Bu, O''nun bir "tarih dönümü" noktasında yaşamış bulunmasından ve yaşadığı dönemdeki bu özelliğin de hakkını vermiş olmasından kaynaklanan bir olgu olarak değerlendirilmelidir. ', 'BEYAN YAYINLARI', NULL, 132, '1998-10-01', 'full/1ce9c91c52c000e3e3f9a2404a1480d1e3e05a78.jpg', '1. Baskı', ' 9,00', 27),
(340, 'Cafer-i Tayyar', '"Ashabım gökteki yıldızlar gibidir... Hangisine uyarsanız uyun, Allah''ın sevgisine kavuşursunuz." Kimdi bu ashab? Bu ashab, sevgili Peygamberimiz''i sağlığında gören, O''nunla birlikte olan dostlarıydı. Acıyı, hüznü, sevinci ve rahmeti O''nunla paylaşanlardı.... ', 'BEYAN YAYINLARI', NULL, 177, '1998-11-01', 'full/4a2782d461686558fdd50257026c7e725cbcbb54.jpg', '1. Baskı', ' 6,00', 7),
(341, 'Yalan Dünyayı Adımlarken', 'Yaratıcımız olan Allah, ibret almamız için yeryüzünü gezmemizi emrediyor.', 'BEYAN YAYIN NE ALIRSAN KİTAPLARI', NULL, 130, '1998-12-01', 'full/ae1d6026347aa9a7a47b3d531f4e286638ec1502.jpg', '1. Baskı', ' 13,00', 8),
(342, 'Bu Sevda Benim Değil', ' ', 'BEYAN YAYINLARI', NULL, 184, '1998-10-01', 'full/45b1caeaa1e06261a26de5820d99d3befa14fd24.jpg', '1. Baskı', ' 7,00', 1),
(343, 'Totalitarizmin Sefaleti', 'Binlerce yıllık tarihsel bir süreç içinde değişik isim ve unvanlar altında hükmünü icra edegelmiş olan baskıcı ve otoriter rejimler, modern zamanlarda hayatın her alanında yaşanan köklü değişimle birlikte nicelik ve nitelik itibariyle farklı bir çehreye bürünmüştür. Bugün karşı karşıya olduğumuz fenomen, artık eski zamanların alelade diktatörlüğü veya despotizmi değil, fakat eline geçirdiği sınırsız imkanlarla toplumları topyekün transformasyon süreçlerine tabi tutmak isteyen totaliter bir rejimdir. Ve bu rejim türünün tarihin belli bir dönemine ve belli bir coğrafyaya ait olarak kalmak yerine zaman ve mekan içinde sürekli yenilenme istidadında olduğu, dün batılı toplumları egemenliği altına alırken bugün genellikle Üçüncü Dünya''yı ve İslam beldelerini istila ettiği görülmektedir. ', 'BEYAN YAYIN NE ALIRSAN KİTAPLARI', NULL, 185, '1998-12-31', 'full/0cb87472f487f366cd8d701144cfc7787879466f.jpg', '1. Baskı', ' 12,00', 81),
(344, 'Buhari', 'İmam-ı Buhari''nin Rasulüllüh (sav)''ın Sünnetine, dolayısiyle Din''e yaptığı hizmeti kelimelerle anlatmak mümkün değildir.', 'BEYAN YAYINLARI', NULL, 186, '1998-12-01', 'full/7849e740441d863e7c6d3462a6412988f637d7ba.jpg', '1. Baskı', ' 12,00', 7),
(345, 'İbrahimi Okuyuş', 'Kur''an-ı Kerim, Hz. İbrahim''i model kişi olarak gösterir. O''nun örnekliğinin bilinen bir sebebi, siyasi olmasıdır. Bu açıdan bakırsa peygamberlere karşı duydukları nefret ya da aşırı sevgiyi aşmalarına rehberlik etmesi için, İsrailoğullarına İbrahim ismi ön plana çıkarılmıştır. Yani İbrahim ismi, Yahudilik benzeri ırkçılığı ve Hıristiyanlık benzeri peygamber perestiliği zihinlerde dağıtmak için tavsiye edilmiştir. Fakat Kur''an''ın O''ndan o denli söz etmesinin asıl sebebi bu olamaz. Yahut en azından tek sebep bu değildir. ', 'BEYAN YAYINLARI', NULL, 187, '1998-12-01', 'full/58ab2ffffaaecbd8d79490c262af9c2920cc6021.jpg', '1. Baskı', ' 10,00', 30),
(346, 'İslam''da Devlet İdaresi', 'İslâm''a göre,  diğer tüm din mensuplarının dalâlette olduğu doğrudur. Bununla birlikte dünya hakimiyeti bakımından en zirvede oldukları bir dönemde en dindar ve selefî olan Müslüman yazarların, bu konuda neler söylediklerine bir bakalım. Bunların hepsi, uluslar arası ilişkilerle ilgili bir temel hukuk kuralı üzerinde müttefiktirler ve İslâm hukuku ile ilgili her kitapta: "Dünyanın zorlukları karşısında müslüman ve kafir eşittir" prensibi birbirine benzer ifadelerle tekrar edilir. ', 'BEYAN YAYINLARI', NULL, 64, '2007-09-01', 'full/b11c085999faea353f76f623662840ae84ada313.jpg', '1. Baskı', ' 22,00', 74),
(347, 'Akaid Risaleleri', 'Akaid risalelerinin bir araya toplandığı ve Arapça orijinallerinin de verildiği kaynak bir eser. ', 'BEYAN YAYINLARI', NULL, 146, '1998-12-01', 'full/bc46582ad4a121101300d875486874a3cff3595e.jpg', '1. Baskı', ' 30,00', 56),
(348, 'Bir Değirmendir Bu Dünya', 'Bir Değirmendir Bu Dünya, şiirlerinden, anı yazılarından ve hikâyelerinden tanıdığımız Zarifoğlu''nu başka bir açıdan tamamlamaktadır. O herkesin entel takıldığı bir zamanda çevresindeki meraklı insanlara, dostlarına, okuyucularına ilmihal okumayı tavsiye ediyordu. Namazların tadil-i erkân üzere kılınmasını, gece namazlarına kalkılmasını, hanımlara iyi davranılmasını, çocukları adam yerine koyarak karşımıza almamızı, yollarda zikirle yürümemizi telkin ediyordu. Daha doğrusu müslüman olarak yetişmemiz için elinden geleni yapıyordu. Hem çocuklar için yapıyordu, hem de büyükler için. ', 'BEYAN YAYINLARI', NULL, 135, '2013-11-01', 'full/0ded69cf414ef202ac31eacfee04f1be8922e5ba.jpg', '7. Baskı', ' 16,00', 8);
INSERT INTO `books` (`bid`, `title`, `summary`, `yayinevi`, `shop`, `aid`, `year`, `img`, `language`, `price`, `gid`) VALUES
(349, 'İki Deniz Arasında Vahiy', 'Allah Yarattıklarını besleyip büyütür. Oluşlarını vahyederek onlara yardım eder. Sonunda herşeyi insanın hizmetine verir. Keşfetmesini ister. İnsanın doğayı keşfetme çabası, bir anlamda yaratıcısının konuşmasına muhatap kılınışıdır. Bu, Allah''ın insana bir lütfudur. Ancak bu lütuf, şeytanın tehdidine maruzdur. Çünkü insan kötülüklerin cazibesine kapılarak adaletten sapabilir. Bu nedenle Allah, ayrıca insanlar arasından seçtiği elçilere vahyederek, onlara üçüncü bir yardımda bulunur. Bu durum Hz. Muhammed''e kadar devam etmiş, o''na indirilen mesaj korunabilir hale geldikten sonra, elçiyle vahiy dönemi son bulmuştur. ', 'BEYAN YAYINLARI', NULL, 187, '1999-04-01', 'full/2a0c98e401eafbde18a26c3009445789942cddc1.jpg', '1. Baskı', ' 10,00', 30),
(350, 'İslam Yargılama Hukukunda Şühudü''l-Hal Jüri/Osmanlı Devri Uygulaması', 'Günümüz toplumlarında adalet mefhumunun ön plana çıkması, bu duygunun geliştirilmesi ve hayata geçirilmesiyle ilgili gayretleri hızlandırmıştır. Demokratik düşüncenin, idari alanda olduğu gibi yargı alanında da katılımcılığı esas alması ve bunun jüri şeklinde vücut bulması, bu sisteme olan ilgiyi artırmaktadır.  Şu an ABD''deki jüri sistemi, halkın yargıya katılmasını sağlamakla birlikte, bu sistemin adaleti tam anlamıyla gerçekleştirdiği kukuludur. Jüri üyelerinin tesir altında kalarak yanlış karar verilmesine neden olmaları ve bunlarla ilgili Amerikan medyasında çıkan örneklerin çoğalması da, Amerikan jüri sisteminin tekrar sorgulanmasını gündeme getirmiştir. İşte bizim inceleme konusu yaptığımız "şühûdü''l-hâl" sistem, devrimizdeki hukuk uzmanlarına tekabül edecek müftü, müderris ve emekli kadı gibi vasıflı kimselerden oluşması yönüyle jüri sistemindeki aksayan tarafları dengelemekte ve bu açıdan günümüz hukukçuklarının dikkatini çekecek bir özellik taşımaktadır. ', 'BEYAN YAYIN NE ALIRSAN KİTAPLARI', NULL, 188, '1999-05-01', 'full/49e40600b53a4b5c49a67ca2f07cf168f68927e6.jpg', '1. Baskı', ' 11,00', 74),
(351, 'Zengin Hayaller Peşinde', 'Cahit Zarifoğlu şiirden hikâyeye, günlükten çocuk masallarına kadara birçok alanda at koşturmuş bir şairimizdir. Bununla beraber kalem oynattığı her alanın ön sırasında yer almıştır.', 'BEYAN YAYINLARI', NULL, 135, '1999-05-01', 'full/cb7cf5707eb76e453879dc0fe64342ec3dd3da98.jpg', '1. Baskı', ' 14,00', 82),
(352, 'İdeolojik Devletten Demokratik Devlete', 'Yeryüzündeki deneyimlerden de görüyoruz ki, ideolojik devletler, doğaları gereği yasakçı, ayrımcı ve yaptırımcı oluyorlar. Bu yüzden resmi ideolojisi olan devletlerin teoride olmasa bile pratikte her zaman "siyah yurttaşları" vardır.', 'BEYAN YAYIN NE ALIRSAN KİTAPLARI', NULL, 189, '1999-06-01', 'full/dd739944abba90ab801dae344ca5eecf44113f54.jpg', '1. Baskı', ' 10,00', 31),
(353, 'Mutedil Bir Siyamlı', 'Şairin ilk şiir kitabı babili beş gece ikincisi adını koyamadığım. Bu üçüncü kitabı. ', 'BEYAN YAYIN NE ALIRSAN KİTAPLARI', NULL, 169, '1999-06-01', 'full/e43072f0e609c8809b4e8137954e452ed212086b.jpg', '1. Baskı', ' 7,00', 1),
(354, 'Havada Bulut Var', 'Allah''ın kerametiyle anlıyoruz ki, Havada Bulut Var. Gerçi, Anadolu''nun her yöresinde ayrı bir ağızla yakıştırılıp okunan bu türküde " Havada Bulut Yok/Bu Ne Dumandır" diyerek hüzün belirtilmiştir. Lakin biz bu türküyü, birazcık değiştiriyoruz. Zira koklamasını bilene, bakmasını becerene, işitip anlayana göre havada elbet çok kesif bir bulut var; bu duman ondandır..... ', 'BEYAN YAYIN NE ALIRSAN KİTAPLARI', NULL, 158, '1999-06-01', 'full/37c82e9f00db01b285d4dd7ed6aebaa834aeb267.jpg', '1. Baskı', ' 9,00', 1),
(355, 'Tali Bir Akşam', 'Yorgun İnsanlar Mahşerinde Bir Yağmur Sesi; ey yalnızlığımın sonsuz işaretleri/ rüzgara emanet tüm ırgat caddeleri/ gözlerimde yıllardır büyür gider bir hüzün/ şahika kanadında üşür yıldırım bekçileri/ yanlış anlatıldı gülde kaybolan resimlerim/ avareliğim yasak afişlerin mahşeri/ anlasana yıllardır hep sana yağıyorum/ çıldırıyor bahar küheylanları şimdi/ bir kalem ucunun silip silip bıraktığı iz/ gibi ben bir güleç köleyim her yerde yeni.. ', 'BEYAN YAYIN NE ALIRSAN KİTAPLARI', NULL, 190, '1999-06-01', 'full/5cdd8e0989277c65b2c1432e17f304bb7a7b3675.jpg', '1. Baskı', ' 7,00', 1),
(356, 'Sürgün Ve Atlas', 'Kelebek Saatleri; hüznün kuğusuymuş kalbimle sevişen rüya/ yandıkça, çöl duraklarında/ ah, bir yanım salkımsöğüt bir yanım pişmanlıklar/yüzümü apansız sarartıyor sanrılı bir bahar/ bakınca bir guguk kuşunun gözlerinden/ hangi melalin sürgünüydü o çılgın o mağrur ay/ yangınlara çalardı hep kangren saatler/ derken ateşin ateşle zevali/ ölüsünü kusan fırtınalar birden/ gecenin rahminde çırpınır dururken ay/.. ', 'BEYAN YAYIN NE ALIRSAN KİTAPLARI', NULL, 191, '1999-07-01', 'full/9c17dff58cf57dc016964648b5a88a37e788d40e.jpg', '1. Baskı', ' 7,00', 1),
(357, 'Ateşin Psikanalizi', 'Ateşi almak veya kendini ateşe vermek, yok etmek veya yok olmak, Prometheus karmaşasının veya Empedokles karmaşasının peşinden gitmek, işte bütün değerleri döndüren, ama değerlerin geçimsizliğini de gösteren psikolojik çevirme budur. Ateşin, tam da C. G. Jung''un anladığı anlamda, "doğurgan bir arkaik karmaşanın" vesilesi olduğu ve özel bir psikanalizin, hayale hakiki özgürlüğünü ve hakiki yaratıcı ruhsallık işlevini veren diri diyalektikleri daha iyi açığa çıkarmak için, sancılı belirsizlikleri yıkması gerektiği bundan daha iyi nasıl kanıtlanır? ', 'BAĞLAM YAYINCILIK', NULL, 192, '1995-11-01', 'full/8f54afbfc9fc2486cf411540b1457c38ff594ac9.jpg', '1. Baskı', ' 7,00', 11),
(358, 'Halley Kimi Kurtarır', '"Bir denemecinin işi kitaplarda, doğada ve yaşamın içinde tık eden altını bulup çıkarmak, okurların gönlünde bir düşünce uyandırmaktır. Bunu yaparken üstünü başını altın tozuna bular, kalemini de yaldız çanağının içine düşürürse, oh, gel keyfim gel." ', 'BAĞLAM YAYINCILIK', NULL, 193, '1988-07-01', 'full/e8ef605928ec12aa952b81e3eedafb5765eb13de.jpg', 'TÜRKÇE', ' 8,50', 28),
(359, 'Diyaloglar', 'Diyaloglar, Deleuze''ün Claire Parnet ile gerçekleştirdiği anonim bir yazıdır. İkili olarak düşüncenin nasıl ileriye götürüldüğünü gösteren bu kitapta, diyalog iki kişi arasında sahtedir. Deleuze Parnet''yi, Foucault''yu, Guattari''yi ve diğer dostlarını, Parnet Deleuze''ü anlatırken yazarlar ortadan kalkarlar. Diyalog iki kişi arasında değil, çizgiler arasında, bölümler arasında yahut kısımlar arasındadır. Belleği kaybetmek: bloklar ortaya çıkarmak gerekir. Loklar anonimdir. Her zaman şimdiki zamanda işlev görür, bellek geçmişe değil, şimdiki zamana aittir. Bu bir oluştur. Tarih unutulur, oluşların sorunu coğrafyadır. Bir devrimci oluş, devrimin geçmişi veya geleceğinden daha önemlidir. Bir kadın-oluş veya bir hayvan-oluş cinsiyetlerin ve türlerin farkından çok daha önemlidir. ', 'BAĞLAM YAYINCILIK', NULL, 194, '1990-06-01', 'full/77f7d8de44d842aa541955c05bfef53454ef198e.jpg', '1. Baskı', ' 11,00', 39),
(360, 'Geceyarısı Mektupları', '"Gerçek, insanlığın mektuplarında daha bir kolaylıkla ele geçer. Lou''ya yazdığı mektuplar Apollinaire''in sevgilisine çokluk "küçük keçim" dediğini açığa vurmuştur. Alain Fournier ile Jacques Riviere''in mektuplarında da bu iki yazarın birbirlerine "sevgili anneciğim" diye seslendiğini görebilirsiniz. Mayakovski ise sevgilisi Lili Brik''e yazdığı her mektubu "senin köpeğin" diye bağlar. Kimi zaman da bir köpek resmi yapmakla yetinir.', 'BAĞLAM YAYINCILIK', NULL, 193, '1991-11-01', 'full/7248ebdb5c94b5ec8bfc95f4937425988bc69150.jpg', '1. Baskı', ' 7,00', 83),
(361, 'Yad-ı Mazi', 'Geçmişime ait hatıralarımı, zihnimde kalabildiği kadarıyla, kaydetmek istedim. Bu arzum, hayatıma ait ahval ve vakalar, yer yer asrın aynası olabilir, düşüncesine dayanır. Bir asırda bulunan bir adamın, halinin özelliği, mensub olduğu sosyal yapının o asırdaki adetlerini, ahlakını, içtimaı adabını temaşa ettirir. Hayat yolunda uğranılmış bazı vakalar da olur ki, onun incelenmesi okuyucularda bir uyanma meydana getirebilir.', 'NEHİR YAYINLARI - KELEPİR', NULL, 195, '1997-09-01', 'full/a61f843a67b9a2782e430a1f2b5cff12d5b4abc3.jpg', '1. Baskı', ' 8,00', 3),
(362, 'Feryadım (2.Cilt)', '..Ahmet İzzet Paşa muhtelif rütbelerde, kurmay subayı ve komutan olarak katıldığı Tesalya, birinci ikinci Yemen seferleri, Balkan Harbi ve Dünya Savaşında yararlı hizmetler görmüş İkinci Meşrutiyetin ilanının hemen arkasından tayin olunduğu Genelkurmay Başkanlığı esnasında düşünüp tasarladığı ve uyguladığı ordu teşkilatı, sonradan bütün dünya ordularınca benimsenip örnek alınmıştır. Paşa, Osmanlı Türk ordusunun son dönemlerinin en kıymetli ve mümtaz ordu komutanlarından olduğu gibi  1. Dünya Savaşı sonrası Osmanlı Devlet ricalinin de en önemli kişilerinden biridir. Yazıp gelecek nesillere yadigar olarak bıraktıkları devrin askeri, politik, kültürel ethique düşünüş ve icraatını aydınlatmaktadır. ', 'NEHİR YAYINLARI', NULL, 196, '1993-09-01', 'full/2393e501d64d3c93e5db7aa1e7bb0a1893552e86.jpg', '1. Baskı', ' 17,50', 3),
(363, 'Fetvalar 4 Cilt (1.hm)', 'Birinci Bölüm:', 'NEHİR YAYINLARI', NULL, 75, '1992-12-01', 'full/1bcc1562b67fdb0f89c686a3c267f2e599157fa6.jpg', '9755510346', ' 100,00', 84),
(364, 'Yeni İlmihal İslam Yolu', '"Yeni İlmihal-İslam Yolu" adıyla okuyucularımızın istifadesine sunduğumuz bu değerli eser, son dönem Osmanlı alimlerinden şehit İskilipli Atıf Hoca''nın müslümanlara, İslam''ın hal ilmini öğretmek amacıyla kaleme aldığı önemli bir çalışmasıdır.', 'NEHİR YAYINLARI', NULL, 197, '1991-12-31', 'full/3e90497417caa6bd9791f520f0882513b76c574c.jpg', '1. Baskı', ' 6,00', 59),
(365, 'Yenileme Bilinci', 'Eskilerin dünyası "doğru - yanlış" ekseni üzerine kuruludur. Buna karşılık, sanayi devriminden itibaren özellikle metropollerde insan hayatını motive eden, "gerçeğe uygunluk" olmuştur.', 'NEHİR YAYINLARI - KELEPİR', NULL, 198, '1988-12-01', 'full/bb0daad36e03dc55472d0cb8a642a6e184215779.jpg', 'TÜRKÇE', ' 5,50', 28),
(366, 'Kültürel Savaş Ve Savaş Kültürü', 'Batının her türlü teknoloji ile teçhiz edilmiş kültürel saldırganlığına karşı koymak, öyle anlaşılıyor ki, tamamen imkansız hale getirilmek istenmektedir. Mesela Türkiye gibi ülkelerde kitle haberleşme vasıtaları ve eğitim kurumları saldırgan kültürün merkezleri tarafından ya etkisiz hale getiriliyor, ya da tersine bir fonksiyona sahip kılınıyor.', 'NEHİR YAYINLARI - KELEPİR', NULL, 66, '1992-12-01', 'full/73af291cb816e44f27410fade1e7ac3effd24a94.jpg', '1. Baskı', ' 5,00', 39),
(367, 'Kutsanmış Görüntüler', 'Kutsanmış Görüntüler''de sosyolojik bağlamın sınırlarını dikkate alan bir perspektiften hareketle Türkiye örneğinde gündeme gelen dini-sosyal nitelikli fenomenlere yer verilmektedir. Başta halk katında belirginleşme temayülü gösteren görüntüler olmak üzere dinselliğin modern Türkiye''nin gündelik hayatında somutlaşan imaj ve taleplerine, sık sık gerçekliğe düşen yansımaları içinde dikkat çekilmektedir.', 'NEHİR YAYINLARI - KELEPİR', NULL, 199, '1999-01-01', 'full/de75adbf7128e623fbba4951b39ed3826658e9e5.jpg', '1. Baskı', ' 10,00', 85),
(368, 'Garpzedeler Batıdan Gelen Veba', '''Garpzedeler''i okurken, yazarın, ne bir tarihçi ne de bir ideolog olmadığını akılda tutmak gerekir. Yazar, yirmi yıl düşünce ve deneyim peşinde koştuktan sonra, İslam dünyasını ilgilendiren çok önemli ve temel bir gerçeği; her alanda batıya feci bir baş eğiş olduğu gerçeğini farketmiş ve Batıcılık hastalığı adını verdiği bu keşfi başkalarına iletebilmek için çırpınmaktadır. Şüphesiz, Al-i Ahmed''in anlattığı ve incelediği ''Batıcılık Hastalığı'' sadece İran''a özgü değildir. Hemen hemen emperyalizmin kendini empoze ettiği ve bin bir türlü baskı ve cinayetlerle batının kurbanları haline getirdiği Asya ve Afrika''nın bütün ülkeleri ve halkları için de geçerlidir. Buna rağmen Al-i Ahmed, eserinde Batı ile İslam arasındaki büyük çelişkileri doğru olarak aksettirebilmiştir.', 'NEHİR YAYINLARI - KELEPİR', NULL, 200, '1988-12-01', 'full/c3500c8bee31a389c129b6cacf103495ec48fd6e.jpg', 'TÜRKÇE', ' 5,50', 39),
(369, 'İstiklal Harbi ve Gizli Cihetleri (6. Cilt)', '"Bende artık bir kanaat hasıl olmuştu: Gerek Cephe Kumandanı ve gerek onun Erkanıharıp Reisi beni kızdırmak, izzeti nefsimi cerihadar etmek, istifaya mecbur eylemek için elbirliğiyle başkalarını tahrik ederek bir mesele çıkarmak istiyorlar. İsmet Paşa''nın sık sık, Mustafa Kemal Paşa ile görüşmesinde de bir komplo kokusu var gibi. İstifa etmeyeceğim; fakat maiyetimdeki kumandanlardan aleyhime bir tahrik yapılır ise, o zaman vaziyet buhran kesbedecektir. Allah encamını hayır eylesin..." ', 'NEHİR YAYINLARI', NULL, 201, '1993-05-01', 'full/e93560c5cd27fabe13ce7e74d81826ba41abb1ba.jpg', '1. Baskı', ' 12,00', 37),
(370, 'Türkiye''nin Çernobil Çilesi', 'Rusya''da Kiev yakınlarındaki Çernobil Nükleer Santrali''nde 26 Nisan 1986''da vuku bulan kazanın Türkiye üzerindeki etkilerinin idari ve şahsi çilesini en çok çekmiş olan kimse, hiç şüphesiz, kaza sırasında ve bunu izleyen dönemde Türkiye Atom Enerjisi Kurumu Başkanlığını yapmış olan Prof. Dr. Ahmed Yüksel Özemre''dir. Türkiye''nin bu kazadan etkilenen ülkeler arasında yalnızca 16. Sırada olmasına rağmen, bazı kimseler ve mahfiller bu kazanın etkilerini olağanüstü abartarak kendi çıkarları uğruna istismar etmek hususunda yaptıkları her girişimde karşılarında hep Prof. Özemre''yi bulmuşlardır. Bu bakımdan bunlar için Prof. Özemre, her ne bahasına olursa olsun, yollarının üzerinden sökülüp atılması gereken bir engel olarak telakki edilmiştir.', 'NEHİR YAYINLARI - KELEPİR', NULL, 202, '1993-05-01', 'full/62d76c196e27c8f1bdec2712a02027b5c128f838.jpg', '1. Baskı', ' 7,00', 86),
(371, 'Devletler Oyunu Bir CIA Ajanının Anıları', 'Bu eser "Devletler Oyunu"nu anlatıyor. Ama özelde, Ortadoğu ve Mısır çerçevesine bağlı kaldım. Çünkü mesleğim gereği sık sık "kimsenin yeniden çağırmayacağı misafir" olarak bölgede bulunma şansını elde ettim. Gizli diplomatik görevler yaptım. Görevim sırasında Ortadoğu ülkeleri hükümetlerinin, anlamsız bulduğumuz bazı davranışlarını düzeltmek için Batılı devlet adamları adına çalıştım. Kitabı bir örnek tarih olarak kabul ediyorum. Nasıl işletme fakültelerinde iş hayatının temel prensipleri anlatılırken, bir örnek firma seçilip, ders bu firma üzerinde geliştirilirse, bu kitap da gizli diplomasi oyunlarını anlatabilmek için çok Ortadoğu ve Mısır''ı kendisine örnek olarak seçti.', 'NEHİR YAYINLARI - KELEPİR', NULL, 203, '1995-04-01', 'full/15ab9d97cdeb0c1b47d4ae513aa6ce564c105919.jpg', '1. Baskı', ' 7,50', 77),
(372, 'İran Tuzağı', '"ABD''nin İran''a silah satışında arabuluculuk görevi üstlenen Suudlu ünlü silah tüccarı Adnan Kaşıkçı''nın 1985 yılının Ağustos ayında Başkan Ronald Reagan''ın eski Ulusal Güvenlik danışmanlarından Robert Mc Farlane''e yazdığı bir not açıklandı.', 'NEHİR YAYINLARI - KELEPİR', NULL, 204, '1988-12-01', 'full/641cb4e2d50ebf4f9fc31701a470f5a5227b73fb.jpg', 'TÜRKÇE', ' 5,00', 49),
(373, 'Nasıl Okudum', 'Tevfik Sağlam''ın emekli olduktan yıllar sonra, Unesco Milli Komisyonu''nda görev aldığı dönemde yazılan bu anılar, genç kuşaklar için eğitici ve uyarıcı bir nitelik taşımaktadır. Aslında bu eser 1888-1903 arasındaki eğitim anlayışı, düzeni ve özellikle tıp eğitiminin nasıl olduğunu anlatmaktadır. Ancak çok dikkatle yazılmış olan satırlar arasında, 1900''lü yıllar genç aydınlarının içinde yaşadığı büyük ikilem, II. Abdülhamid idaresine karşı tıbbiyelilerin direnci, Doğu-Batı çatışması, tıbbiyelilerin dönemin sosyal ve siyasal olaylarında oynadıkları rol gibi önemli konulara da değinmektedir. Bu açıdan bakınca "Nasıl Okudum" büyük önem kazanmaktadır. ', 'NEHİR YAYINLARI - KELEPİR', NULL, 205, '1991-12-01', 'full/f48a076e5102848e2e831741e6f3264a8a06546b.jpg', 'TÜRKÇE', ' 5,00', 5),
(374, 'Muhalefetin İflası', 'Zavallı millet... İstibdat devrinde bir galat-ı tarih gösterecek şekilde ve esir halinde yaşamıştı. Meşrutiyet devrinde milletin terbiyesi, yükselme ve ilerleme yoluna sevki aydın sayılan vatanın gençlerinin vazifesiydi. Lakin aydın sayılan sınıf en naçiz fertten itibaren para ve şöhret peşinde koşmaya başladı. Bunun gerçekleşmesi için de tek bir çare buldu: Esdiren olduğu gibi milletin hazinesinden yararlanmak...', 'NEHİR YAYINLARI', NULL, 206, '1991-12-01', 'full/e1e66bbbb8831a3cd4ff71827371fe4b33380be8.jpg', '2. Baskı', ' 7,50', 3),
(375, 'Birinci Dünya Harbi (1.Cilt)', 'Birinci Dünya Savaşı''ndan önceki hadiseler? Türkiye savaşa nasıl ve kimler tarafından sürüklendi? Müttefikimiz Almanların bu husustaki tesirleri nelerdi: İngiltere, Rusya ve Fransa''nın Osmanlı topraklarına yönelik planları? Ülkeyi yönetenler devlet mekanizmasını nasıl kullandılar?', 'NEHİR YAYINLARI', NULL, 201, '1991-12-01', 'full/01026a18c55f5ab5f73b8beac54975da7bbccc62.jpg', 'TÜRKÇE', ' 7,00', 3),
(376, 'Birinci Dünya Harbi (4.Cilt)', 'General Ali İhsan Sabis hatıralarının üçüncü cildini şu ifadelerle tamamlamıştı:', 'NEHİR YAYINLARI', NULL, 201, '1991-12-31', 'full/0d8fb484059146666d37114b78473d9da0495d1b.jpg', '1. Baskı', ' 13,00', 3),
(377, 'Mücahede-i Milliye Gurbet Ve Avdet Devirleri', '19. Ve 20. Yüzyıl Türk fikir ve edebiyat dünyasının perde arkasında kalmış isimlerinden biri olan Mizancı Mehmed Murad, çeşitli faaliyetleriyle yaşadığı devri etkilemiş önemli şahsiyetlerdendir. Bu eserde Mizancı Murad''ın Düyun-ı Umumiye Komiserliğini bırakıp Paris''e kaçmasından başlayarak tekrar İstanbul''a dönüşüne ve sonraki kısa bir döneme kadar olan hayatı anlatılır. Eser, görüleceği gibi, bir "Mukaddime" ile "Gurbet Devri" ve "Avdet Devri" başlıklarını taşıyan iki ana kısımdan ve ayrıca 23 alt bölümden meydana gelmiştir.', 'NEHİR YAYINLARI - KELEPİR', NULL, 207, '1994-02-01', 'full/48b4ff5f2cb7a774bac174c4e85e53b7c83a84a8.jpg', '1. Baskı', ' 7,00', 3),
(378, 'Tunuslu Hayreddin Paşa''nın Hatıraları', 'Tunuslu Hayreddin Paşa tarafından bazen Fransızca, bazen Arapça, bazen de Türkçe olarak kaleme alınmış belgelerin bir araya getirilmesi ile ortaya çıkan bu eser dört bölümden oluşmaktadır: hatıralar, yazışmalar, görev notları, özel dosyalar.', 'NEHİR YAYINLARI - KELEPİR', NULL, 208, '1997-09-01', 'full/99dc67abe12175bc2fba3e5948b6a357bc094950.jpg', '1. Baskı', ' 8,00', 3),
(379, 'Şemsi Paşa, Arnavutluk Ve İttihad-Terakki', 'İhtilallerle siyasi rejimi değiştirenlerin kendilerini meru ve haklı göstermek için önceki yönetimi ellerinden geldiğince karaladıkları bilinen gerçeklerdendir. Yakın tarihimizde bunun çarpıcı örneklerinden biri, İkinci Meşrutiyet''in ilanından sonra İttihad ve Terakki ve yandaşlarının önce -Abdülhamid tahtta bulunduğu için- eski dönemin devlet ricaline şiddetli saldırıları; tahttan indirildikten sonra da Sultan Abdülhamid''in de bu saldırı oklarına hedef olmasıdır. Bu sırada en ağır saldırıya uğrayanlardan biri de Arnavutluk asayiş kumandanı Birinci Ferik Şemsi Paşa idi. Hakkında çok şeyler yazıldı, öldürüldüğü gün "İstibdadın sındığı gün" denilerek bayram olarak kutlandı.', 'NEHİR YAYINLARI - KELEPİR', NULL, 209, '1995-11-01', 'full/e51ffc6e68da3ff6b5723c8899a8adfcee97635a.jpg', 'TÜRKÇE', ' 6,00', 3),
(380, 'Hürriyet Vadisinde Bir Pençe-i İstibdad', 'Murad Bey''in kitaplarında, merkezinde kendisinin bulunduğu bütün bir imparatorluk tablosu görülür. Bu bakımdan bunlar tarihimizin en karanlık devresi için vesika değerindedir.', 'NEHİR YAYINLARI - KELEPİR', NULL, 207, '1997-10-01', 'full/651286af3fd2bbba260d9b32f0768a768393696b.jpg', '1. Baskı', ' 5,00', 3),
(381, 'Böyle Buyurdu Hukuk/Robinsonlar Ve Cumalar', 'Hukukun "mesele" olduğu bir ülkede yaşıyoruz. Bu durumda, hukuku "mesele" edinmek bir mecburiyet olarak kendini hissettirmektedir.', 'NEHİR YAYINLARI - KELEPİR', NULL, 210, '1989-12-01', 'full/6f5eb9960462b1c00f987d0959ee0554209fe652.jpg', 'TÜRKÇE', ' 5,00', 73),
(382, 'Hayata Derkenar', 'Hayata derkenar iddialı bir isim, bunun farkındayım. Ama, zaten hayat bizatihi en büyük iddiadır. Yaşıyor olmak başlı başına iddialı bir duruştur. Ancak ben insan olmanın, onurlu bir yaşam talep etmenin, hayata dair sorular sorabilmenin; acı çekmek, sancılı olmak, gözlemde bulunmak gibi iddialı tavırların yanında; tüm söylediklerimi, yazdıklarımı, tavrımı, duruşumu derkenar olarak nitelemekle tevazu limanına sığınmış biriyim. Özel sığınağımın beni ne kadar koruyup korumadığı hayatımın sorusu... ', 'NEHİR YAYINLARI - KELEPİR', NULL, 211, '1999-01-01', 'full/aee7bb671307407ff2ac9f3c7391efd8ace03a7e.jpg', '1. Baskı', ' 6,50', 28),
(383, 'İsrailli Casus', 'Ortadoğu''da bir devletin kaderi birkaç saat içinde değişebilir. İsrail Gizli Servisi (MOSSAD) nin görevi, sınırların öbür yakasında, ister sivil, isterse askeri alanda olsun, meydana gelen değişiklikleri, hareketleri ve hareketlerin alacağı yönü önceden saptamaktadır. Bu nedenle İsrail ajanları ülke içinden çok tarafsız ya da düşman ülkelerde istihbarat toplamakla ve gizli faaliyetlerde bulunmakla meşguldür. "İsrailli Casus" bazı İslam Ülkelerinde uzun yıllar "Kemal Emin Taabes" takma adıyla casusluk faaliyetlerinde bulunan Elia Cohen''in hayat hikayesini konu alıyor. Kendisi de muhtemelen bir Yahudi olan kitabın yazarı "Ben Dan" Elia Cohen''in bu hayat hikayesinde, MOSSAD''ın yapısı ve çalışma tarzına ilişkin bilgilerle birlikte, üzerinde siyonizmin amaçlarının gerçekleştirildiği büyük halk kitlelerinin gözünden kaçan karanlık ilişkileri, Ortadoğu''daki toplumsal, siyasal ve askeri değişimlerin arka planını, kısaca İsrail''in kanlı varlığının üstüne oturduğu güçleri sahnenin önüne getiriyor. ', 'NEHİR YAYINLARI - KELEPİR', NULL, 212, '1995-04-01', 'full/82b58a6adc30b32985044e90b4fd17d798b8bc8b.jpg', '1. Baskı', ' 5,00', 77),
(384, 'Zamanı Yönetme Sanatı', 'şimdiden ... Gelecek haftaya', 'NEHİR YAYINLARI', NULL, 213, '1997-04-01', 'full/84608c76f38114fb9d11c39b1c88058d26a16878.jpg', '1. Baskı', ' 8,00', 41),
(385, 'Siyasi Manipülasyon Sanatı', 'Siyasi Manipülasyon Sanatı bir bilim değil, bir sanattır. Başarılı stratejiler üretme amacına az ya da çok hizmet edecek, bu stratejilere az ya da çok uygulanabilecek bilimsel kurallar yoktur. Gerçekte henüz yolun başında olan bir Siyasi Manipüle Edici, istediği kararların alınması için neyi, nasıl manipüle etmesi gerektiğini uygulamayla öğrenmelidir. Bununla birlikte özellikle yeterince uygulama imkanı bulmadan önce siyasi bir lider olması için başarılı olması gereken kimse, genellikle böyle bir fırsat bulamaz ve pratiğin yerini kısmen de olsa alabilecek tek şey eğitimdir. Maalesef bu eğitim oldukça zorludur, çünkü genellikle siyaset ve siyasetçiler hakkında yazılmış kitaplardaki yorumlar ve hikayelerden ibaret olan Siyasi Manipülasyon Sanatı yazının ömrü kısadır. Sonuç olarak, daha fazla eğitime gerçek bir ihtiyaç söz konusudur. Bu kitap bu ihtiyacın karşılanması amacına hizmet etmektedir. ', 'NEHİR YAYINLARI', NULL, 214, '1997-04-01', 'full/7b343e4c9bb86982899acdbd14e98e26294fff01.jpg', '1. Baskı', ' 6,00', 29),
(386, 'Son Sözler Beni Niçin İdam Ettiler', '"Her şeyden önce, bu hareket içinde benimle birlikte çalışan gençlerden oluşan topluluğu korumaya çalıştığımı itiraf etmeliyim. Çünkü inanıyorum ki bu gençler, bu nesil içinde arzın taşıdıklarının en hayırlıları, İslam''ın ve insanlığın harcayıp heder edilmeleri yazık olan biricik sermayesidir. Allah''ın huzurunda sahip olduğum her şeyi onların başarıları yolunda harcamaya talibim. Allah, benim kendi hesabımı yapmadığımı, ilk kelimeden beri sorumluluğu bütünüyle sırtlandığımı ve şöyle dediğimi biliyor:', 'NEHİR YAYINLARI', NULL, 215, '1992-12-01', 'full/8a4075dfdf9c1738913ab5490f8f7da30983ab6e.jpg', '1. Baskı', ' 6,00', 34),
(387, 'Karşı Darbe', 'Amerika''nın üçüncü dünya ülkelerindeki çıkarlarını korumak amacıyla sık sık ihtilallere, askeri darbelere ve gizli - açık operasyonlara başvurduğu bilinmektedir. Zaman zaman Türkiye''nin karşı karşıya kaldığı kriz dönemlerinin de, Amerika''nın tezgahladığı müdahaleler sonucu gerçekleştirildiği iddiaları gerek basın-yayın organları tarafından, gerekse kamu oyunun diğer bazı kesimleri tarafından gündeme getirilmektedir. Tarih elbette bütün bu iddiaların hakikatini ortaya koyacaktır. Ne var ki, Şah''ın tahtını kendisine iade eden bu kitabın yazarına söylediği: "Tahtımı, Tanrıya, halkıma, orduma ve tabii size (Amerika, İngiltere ve Kermit Roosevelt kastediliyor.) borçluyum. "Sözleri, geri kalmış dünya ülkeleri ve özellikle Ortadoğu ülkeleri için göründüğünden çok daha önemli anlamlar içermektedir.', 'NEHİR YAYINLARI - KELEPİR', NULL, 216, '1979-03-15', 'full/aae00830f1aa83daa4b960fed0e08368d9eabf9e.jpg', '1. Baskı', ' 6,50', 49),
(388, 'Robinson Crusoe', 'Bütün dünyayı dolaşan, sınırları engel tanımadan aşan, çocukların severek okuduğu kitaplar vardır. Bu kitapların birkaçını okumayan, adlarını bilmeyen çocuk yok gibidir. Dünya Çocuk Klasiklerinin başarısını çocuksu şöleni yansıtmış olmalarında aramalıyız. İki yüz yıldır gündemde kalmayı başarmış olmaları çocuk edebiyatının zaferidir. Çocuklarımız için dünyada en çok okunan on kitabı seçtik ve Türkçe''ye uyarladık. ', 'NEHİR YAYINLARI', NULL, 217, '1995-09-01', 'full/02deb596c555c1d1762c14373403cdf9bf63259e.jpg', '8. Baskı', ' 3,50', 64),
(389, 'Define Adası', 'Bütün dünyayı dolaşan, sınırları engel tanımadan aşan, çocukların severek okuduğu kitaplar vardır. Bu kitapların birkaçını okumayan, adlarını bilmeyen çocuk yok gibidir. Dünya Çocuk Klasiklerinin başarısını çocuksu şöleni yansıtmış olmalarında aramalıyız. İki yüz yıldır gündemde kalmayı başarmış olmaları çocuk edebiyatının zaferidir. Çocuklarımız için dünyada en çok okunan on kitabı seçtik ve Türkçe''ye uyarladık. ', 'NEHİR YAYINLARI', NULL, 218, '1995-09-01', 'full/95707eafe52fc6ca2eb2c8976afa27924baebbf4.jpg', '6. Baskı', ' 1,75', 64),
(390, 'Hayvan Çiftliği', 'Bütün dünyayı dolaşan, sınırları engel tanımadan aşan, çocukların severek okuduğu kitaplar vardır. Bu kitapların birkaçını okumayan, adlarını bilmeyen çocuk yok gibidir. Dünya Çocuk Klasiklerinin başarısını çocuksu şöleni yansıtmış olmalarında aramalıyız. İki yüz yıldır gündemde kalmayı başarmış olmaları çocuk edebiyatının zaferidir. Çocuklarımız için dünyada en çok okunan on kitabı seçtik ve Türkçe''ye uyarladık. ', 'NEHİR YAYINLARI', NULL, 219, '1995-09-01', 'full/dfe39cf6c104473c9fae1a694e345e10debaece5.jpg', '8. Baskı', ' 4,00', 64),
(391, 'Güliver''in Gezileri', 'Bütün dünyayı dolaşan, sınırları engel tanımadan aşan, çocukların severek okuduğu kitaplar vardır. Bu kitapların birkaçını okumayan, adlarını bilmeyen çocuk yok gibidir. Dünya Çocuk Klasiklerinin başarısını çocuksu şöleni yansıtmış olmalarında aramalıyız. İki yüz yıldır gündemde kalmayı başarmış olmaları çocuk edebiyatının zaferidir. Çocuklarımız için dünyada en çok okunan on kitabı seçtik ve Türkçe''ye uyarladık. ', 'NEHİR YAYINLARI', NULL, 220, '1995-09-01', 'full/05c3ce607766a059887bb1134859213912c37ca4.jpg', '6. Baskı', ' 1,75', 64),
(392, 'Alis Aynalar Ülkesinde', 'Bütün dünyayı dolaşan, sınırları engel tanımadan aşan, çocukların severek okuduğu kitaplar vardır. Bu kitapların birkaçını okumayan, adlarını bilmeyen çocuk yok gibidir. Dünya Çocuk Klasiklerinin başarısını çocuksu şöleni yansıtmış olmalarında aramalıyız. İki yüz yıldır gündemde kalmayı başarmış olmaları çocuk edebiyatının zaferidir. Çocuklarımız için dünyada en çok okunan on kitabı seçtik ve Türkçe''ye uyarladık. ', 'NEHİR YAYINLARI', NULL, 221, '1995-09-01', 'full/a6a7ddb3b433f7dd73e478067c3de4a0b98a07fd.jpg', '6. Baskı', ' 3,00', 66),
(393, 'Alis Harikalar Diyarında', 'Bütün dünyayı dolaşan, sınırları engel tanımadan aşan, çocukların severek okuduğu kitaplar vardır. Bu kitapların birkaçını okumayan, adlarını bilmeyen çocuk yok gibidir. Dünya Çocuk Klasiklerinin başarısını çocuksu şöleni yansıtmış olmalarında aramalıyız. İki yüz yıldır gündemde kalmayı başarmış olmaları çocuk edebiyatının zaferidir. Çocuklarımız için dünyada en çok okunan on kitabı seçtik ve Türkçe''ye uyarladık. ', 'NEHİR YAYINLARI', NULL, 221, '1995-09-01', 'full/d73c715d84b783d5005f4fabc3f506cd11f4185f.jpg', '6. Baskı', ' 2,25', 64),
(394, 'Pinokyo', 'Bütün dünyayı dolaşan, sınırları engel tanımadan aşan, çocukların severek okuduğu kitaplar vardır. Bu kitapların birkaçını okumayan, adlarını bilmeyen çocuk yok gibidir. Dünya Çocuk Klasiklerinin başarısını çocuksu şöleni yansıtmış olmalarında aramalıyız. İki yüz yıldır gündemde kalmayı başarmış olmaları çocuk edebiyatının zaferidir. Çocuklarımız için dünyada en çok okunan on kitabı seçtik ve Türkçe''ye uyarladık. ', 'NEHİR YAYINLARI', NULL, 222, '1995-09-01', 'full/ae3cdcd54faa76ae5b5b83a82ad8277f56861377.jpg', '6. Baskı', ' 3,00', 64),
(395, 'Heidi', 'Bütün dünyayı dolaşan, sınırları engel tanımadan aşan, çocukların severek okuduğu kitaplar vardır. Bu kitapların birkaçını okumayan, adlarını bilmeyen çocuk yok gibidir. Dünya Çocuk Klasiklerinin başarısını çocuksu şöleni yansıtmış olmalarında aramalıyız. İki yüz yıldır gündemde kalmayı başarmış olmaları çocuk edebiyatının zaferidir. Çocuklarımız için dünyada en çok okunan on kitabı seçtik ve Türkçe''ye uyarladık. ', 'NEHİR YAYINLARI', NULL, 223, '1995-09-01', 'full/9d5c8430e3b3a1d2d65af81208ce4fb29fca9f48.jpg', '6. Baskı', ' 3,00', 64),
(396, 'Çocuk Kalbi', 'Bütün dünyayı dolaşan, sınırları engel tanımadan aşan, çocukların severek okuduğu kitaplar vardır. Bu kitapların birkaçını okumayan, adlarını bilmeyen çocuk yok gibidir. Dünya Çocuk Klasiklerinin başarısını çocuksu şöleni yansıtmış olmalarında aramalıyız. İki yüz yıldır gündemde kalmayı başarmış olmaları çocuk edebiyatının zaferidir. Çocuklarımız için dünyada en çok okunan on kitabı seçtik ve Türkçe''ye uyarladık. ', 'NEHİR YAYINLARI', NULL, 224, '1995-09-01', 'full/c09470f4f3df6b1d961a27203467fe2929285841.jpg', '13. Baskı', ' 3,00', 64),
(397, 'Nureddin Paşa Ve Tarihi Gerçekler', 'Nureddin Paşa, bilhassa Birinci Dünya Savaşı esnasında İngilizlerin Basra Körfezi''nden karaya asker çıkararak Irak topraklarını istila etmeye başlaması üzerine açılan Irak cephesi Umum Komutanlığı sırasında yaptığı hizmetler ile isminden söz ettirmeye başlamıştır. Nureddin Paşa Selman-ı Pak ve Kut''ül-Amare savaşları neticesinde İngiliz ordusunun beşte birlik bir bölümünü imha edip, Bağdat Hamambaşısı Brohim İsaşar''ın Padişahı tebrik etmesi ve Karl Pollak''ın Avusturya''nın Raihenberg şehrinden Dahiliye Nazırı Talat Paşa''ya tebrik göndermesine sebep olmuştur. Ayrıca, Irak cephesinde ön planda tutulmaya çalışılan Alman menfaatleri karşısında Osmanlı menfaatlerini ön planda tuttuğu için, maalesef görevden alınmıştır. Bu husus çok ibret verici olmasının yanında, gerçeği bilen Türk insanının Nureddin Paşa''ya karşı sevgi beslemesine vesile olmuştur.', 'NEHİR YAYINLARI - KELEPİR', NULL, 225, '1997-05-01', 'full/9e1aa5204fa51787e7df793acd6ab89b4657cd63.jpg', '1. Baskı', ' 13,00', 3);

-- --------------------------------------------------------

--
-- Tablo için tablo yapısı `genres`
--

CREATE TABLE IF NOT EXISTS `genres` (
  `gid` int(11) NOT NULL AUTO_INCREMENT,
  `genre` varchar(27) DEFAULT NULL,
  PRIMARY KEY (`gid`)
) ENGINE=InnoDB  DEFAULT CHARSET=utf8 AUTO_INCREMENT=117 ;

--
-- Tablo döküm verisi `genres`
--

INSERT INTO `genres` (`gid`, `genre`) VALUES
(1, ' Şiir (yerli)'),
(2, ' Kültür'),
(3, ' Türk-Osmanlı'),
(4, ' Siyasal Hayat (Türkiye)'),
(5, ' Bilim Tarihi'),
(6, ' Siyasal Partiler'),
(7, ' Kişiler'),
(8, ' Anı (hatırat)'),
(9, ' Doğu Klasikleri'),
(10, ' Hatıralar'),
(11, ' İnceleme'),
(12, ' Hadis-Sünnet'),
(13, ' Dil Eğitimi'),
(14, ' Divan Edebiyatı'),
(15, ' Felsefe'),
(16, ' Kavram-Kurum'),
(17, ' Sosyoloji Yazıları'),
(18, ' Ticaret'),
(19, ' İnceleme-Araştırma'),
(20, ' Kültür Yazıları'),
(21, ' Bölgeler-Ülkeler'),
(22, ' Deneme (çeviri)'),
(23, ' Felsefe-Sosyoloji-Psikoloj'),
(24, ' Roman (yerli)'),
(25, ' Hikaye (yerli)'),
(26, ' Oyun (yerli)'),
(27, ' Biyografi-Otobiyografi'),
(28, ' Deneme (yerli)'),
(29, ' Diğer'),
(30, ' Günümüz İslam Düşüncesi'),
(31, ' Siyasal Yazılar - Tezler'),
(32, ' Hitabet-Söyleşi'),
(33, ' Polemik'),
(34, ' Siyasal Hareketler-Eylemle'),
(35, ' Siyer'),
(36, ' Tasavvuf'),
(37, ' Türkiye'),
(38, ' Kişisel Gelişim'),
(39, ' Genel'),
(40, ' Sözlük-İmla Kılavuzu'),
(41, ' Psikolojik Danışma'),
(42, ' Roman (çeviri)'),
(43, ' Popüler Kültür'),
(44, ' Popüler Bilim'),
(45, ' Cinsellik'),
(46, ' Şiir (çeviri)'),
(47, ' Çocuk Eğitimi'),
(48, ' Mustafa Kemal Atatürk'),
(49, ' Uluslararası Siyaset'),
(50, ' Tarih'),
(51, ' Kuram'),
(52, ' Sağlıklı Yaşam'),
(53, ' Siyasal Akımlar'),
(54, ' Sinema-Genel'),
(55, ' Güncel Sorunlar'),
(56, ' Mantık-Akaid'),
(57, ' Bilimkurgu-Fantazya'),
(58, ' Kuran/ İncelemeleri'),
(59, ' Eğitim-Öğretim'),
(60, ' Hikaye (çeviri)'),
(61, ' Hiciv-Mizah'),
(62, ' Roman'),
(63, ' Hikaye'),
(64, ' 7-12 Yaş '),
(65, ' Senaryo (yerli)'),
(66, ' Okul Öncesi '),
(67, ' Anlatı'),
(68, ' Kitap Hakkında'),
(69, ' Musevilik'),
(70, ' İslamiyet'),
(71, ' Tefsir-Meal'),
(72, ' Alternatif Tıp'),
(73, ' Aktüel Siyaset'),
(74, ' Hukuk'),
(75, ' Folklor'),
(76, ' Felsefe Tarihi'),
(77, ' Kurumlar-Örgütler'),
(78, ' Sosyal Tarih'),
(79, ' Hıristiyanlık'),
(80, ' Günlük'),
(81, ' Siyasal Sistemler'),
(82, ' Edebiyat Yazıları'),
(83, ' Mektup'),
(84, ' Fıkıh'),
(85, ' Din Sosyolojisi'),
(86, ' Çevre-Doğa'),
(87, 'Roman Dizisi'),
(88, 'Macera Dizisi'),
(89, 'Fantastik - Macera Dizisi'),
(90, 'Fantastik Dizisi'),
(91, 'Çocuk Klasikleri Dizisi'),
(92, 'Çağdaş Çocuk Edebiyatı Dizi'),
(93, 'Pratik Hayat Dizisi'),
(94, 'Tarih Kültürü Dizisi'),
(95, 'Üstün Yetenek Dizisi'),
(96, 'Özgün Eğitim Dizisi'),
(97, 'Eğitim Dizisi'),
(98, 'Biyografi Dizisi'),
(99, 'Din Kültürü Dizisi'),
(100, 'Yayınevi Genel Dizisi'),
(101, 'Bediüzzaman Dizisi'),
(102, 'Tarih Dizisi'),
(103, 'Ekonomi Dizisi'),
(104, 'Astroloji Dizisi'),
(105, 'Anı Dizisi'),
(106, 'Politika Dizisi'),
(107, 'Sanat Dizisi'),
(108, 'Tasavvuf Dizisi'),
(109, 'Çocuk Kitapları Dizisi'),
(110, 'Araştırma - İnceleme Dizisi'),
(111, 'Çağdaş Gençlik Dizisi'),
(112, 'Kişisel Gelişim Dizisi'),
(113, 'Deneme Dizisi'),
(114, 'Hikaye-Öykü Dizisi'),
(115, 'Felsefe Dizisi'),
(116, 'Web - İnternet Dizisi');

/*!40101 SET CHARACTER_SET_CLIENT=@OLD_CHARACTER_SET_CLIENT */;
/*!40101 SET CHARACTER_SET_RESULTS=@OLD_CHARACTER_SET_RESULTS */;
/*!40101 SET COLLATION_CONNECTION=@OLD_COLLATION_CONNECTION */;
